계수,이름,단위 비율,도면 리비전 번호,도면층,마지막 파일 저장자,블록 단위,색상,선가중치,선종류,선종류 축척,위치 X,위치 Y,위치 Z,작성자,제목,주석,주제,총 편집 시간,축척 X,축척 Y,축척 Z,키워드,파일 수정,파일 액세스됨,파일 위치,파일 이름,파일 작성됨,파일 크기,플롯 스타일,하이퍼링크,하이퍼링크 기본,회전,EdgeStyleId,FaceStyleId,VisualStyleId,값,기울기,높이,두께,스타일,폭 비율,각도,길이,끝 X,끝 Y,끝 Z,델타 X,델타 Y,델타 Z,시작 X,시작 Y,시작 Z,재료,내용,위치 X1,위치 Y1,위치 Z1,폭,ContentsRTF,ShowBorders,단축 반지름,단축 벡터 X,단축 벡터 Y,단축 벡터 Z,면적,반지름 비율,시작 각도,장축 반지름,장축 벡터 X,장축 벡터 Y,장축 벡터 Z,중심점 X,중심점 Y,중심점 Z,닫기,전역 폭,각도1,간격,연관,원점 X,원점 Y,유형,이중,축척,패턴 이름,BackgroundColor,반지름,전체 각도
1,선,,,DIM,joobs,,ByBlock,도면층별,ByLayer,1.0000,,,,,,,,89,,,,,2026-06-16 오후 8:20:10,2026-06-16 오후 8:20:10,C:\Users\joobs\Downloads,옥천학원수정.dwg,2026-06-16 오후 8:15:29,43832,ByBlock,,,,(0),(0),(0),,,,0.0000,,,180,42831.8197,56551.2162,103794.3232,0.0000,-42831.8197,0.0000,0.0000,99383.0359,103794.3232,0.0000,ByLayer,,,,,,,,,,,,,,,,,,,,,,,,,,,,,,,,,,,
1,선,,,ZST-1,joobs,,ByLayer,도면층별,ByLayer,1.0000,,,,,,,,89,,,,,2026-06-16 오후 8:20:10,2026-06-16 오후 8:20:10,C:\Users\joobs\Downloads,옥천학원수정.dwg,2026-06-16 오후 8:15:29,43832,ByLayer,,,,(0),(0),(0),,,,0.0000,,,180,3790.0000,97624.7209,49586.5860,0.0000,-3790.0000,0.0000,0.0000,101414.7209,49586.5860,0.0000,ByLayer,,,,,,,,,,,,,,,,,,,,,,,,,,,,,,,,,,,
1,선,,,ZST-1,joobs,,ByLayer,도면층별,ByLayer,1.0000,,,,,,,,89,,,,,2026-06-16 오후 8:20:10,2026-06-16 오후 8:20:10,C:\Users\joobs\Downloads,옥천학원수정.dwg,2026-06-16 오후 8:15:29,43832,ByLayer,,,,(0),(0),(0),,,,0.0000,,,270,3480.0000,97624.7209,46106.5860,0.0000,0.0000,-3480.0000,0.0000,97624.7209,49586.5860,0.0000,ByLayer,,,,,,,,,,,,,,,,,,,,,,,,,,,,,,,,,,,
1,선,,,ZST-1,joobs,,ByLayer,도면층별,ByLayer,1.0000,,,,,,,,89,,,,,2026-06-16 오후 8:20:10,2026-06-16 오후 8:20:10,C:\Users\joobs\Downloads,옥천학원수정.dwg,2026-06-16 오후 8:15:29,43832,ByLayer,,,,(0),(0),(0),,,,0.0000,,,0,3790.0000,101414.7209,46106.5860,0.0000,3790.0000,0.0000,0.0000,97624.7209,46106.5860,0.0000,ByLayer,,,,,,,,,,,,,,,,,,,,,,,,,,,,,,,,,,,
1,타원,,,ZST-1,joobs,,ByLayer,도면층별,ByLayer,1.0000,,,,,,,,89,,,,,2026-06-16 오후 8:20:10,2026-06-16 오후 8:20:10,C:\Users\joobs\Downloads,옥천학원수정.dwg,2026-06-16 오후 8:15:29,43832,ByLayer,,,,(0),(0),(0),,,,,,,,,,,,,,,,,,,,,,,,,,1010.0000,-714.1778,714.1778,0.0000,291134.6645,1.0000,315,1010.0000,714.1778,714.1778,0.0000,101414.7209,45096.5860,0.0000,,,,,,,,,,,,,,
1,선,,,ZST-1,joobs,,ByLayer,도면층별,ByLayer,1.0000,,,,,,,,89,,,,,2026-06-16 오후 8:20:10,2026-06-16 오후 8:20:10,C:\Users\joobs\Downloads,옥천학원수정.dwg,2026-06-16 오후 8:15:29,43832,ByLayer,,,,(0),(0),(0),,,,0.0000,,,270,3790.0000,102424.7209,41306.5860,0.0000,0.0000,-3790.0000,0.0000,102424.7209,45096.5860,0.0000,ByLayer,,,,,,,,,,,,,,,,,,,,,,,,,,,,,,,,,,,
1,선,,,ZST-1,joobs,,ByLayer,도면층별,ByLayer,1.0000,,,,,,,,89,,,,,2026-06-16 오후 8:20:10,2026-06-16 오후 8:20:10,C:\Users\joobs\Downloads,옥천학원수정.dwg,2026-06-16 오후 8:15:29,43832,ByLayer,,,,(0),(0),(0),,,,0.0000,,,0,3480.0000,105904.7209,41306.5860,0.0000,3480.0000,0.0000,0.0000,102424.7209,41306.5860,0.0000,ByLayer,,,,,,,,,,,,,,,,,,,,,,,,,,,,,,,,,,,
1,선,,,ZST-1,joobs,,ByLayer,도면층별,ByLayer,1.0000,,,,,,,,89,,,,,2026-06-16 오후 8:20:10,2026-06-16 오후 8:20:10,C:\Users\joobs\Downloads,옥천학원수정.dwg,2026-06-16 오후 8:15:29,43832,ByLayer,,,,(0),(0),(0),,,,0.0000,,,90,13080.0001,105904.7209,54386.5860,0.0000,0.0000,13080.0001,0.0000,105904.7209,41306.5860,0.0000,ByLayer,,,,,,,,,,,,,,,,,,,,,,,,,,,,,,,,,,,
1,선,,,ZST-1,joobs,,ByLayer,도면층별,ByLayer,1.0000,,,,,,,,89,,,,,2026-06-16 오후 8:20:10,2026-06-16 오후 8:20:10,C:\Users\joobs\Downloads,옥천학원수정.dwg,2026-06-16 오후 8:15:29,43832,ByLayer,,,,(0),(0),(0),,,,0.0000,,,180,3480.0000,102424.7209,54386.5860,0.0000,-3480.0000,0.0000,0.0000,105904.7209,54386.5860,0.0000,ByLayer,,,,,,,,,,,,,,,,,,,,,,,,,,,,,,,,,,,
1,선,,,ZST-1,joobs,,ByLayer,도면층별,ByLayer,1.0000,,,,,,,,89,,,,,2026-06-16 오후 8:20:10,2026-06-16 오후 8:20:10,C:\Users\joobs\Downloads,옥천학원수정.dwg,2026-06-16 오후 8:15:29,43832,ByLayer,,,,(0),(0),(0),,,,0.0000,,,270,3790.0000,102424.7209,50596.5860,0.0000,0.0000,-3790.0000,0.0000,102424.7209,54386.5860,0.0000,ByLayer,,,,,,,,,,,,,,,,,,,,,,,,,,,,,,,,,,,
1,점,,,Defpoints,joobs,,ByBlock,도면층별,ByBlock,1.0000,102064.7209,41306.5860,0.0000,,,,,89,,,,,2026-06-16 오후 8:20:10,2026-06-16 오후 8:20:10,C:\Users\joobs\Downloads,옥천학원수정.dwg,2026-06-16 오후 8:15:29,43832,ByBlock,,,,(0),(0),(0),,,,0.0000,,,,,,,,,,,,,,,,,,,,,,,,,,,,,,,,,,,,,,,,,,,,,,,,,
1,점,,,Defpoints,joobs,,ByBlock,도면층별,ByBlock,1.0000,106264.7209,41306.5860,0.0000,,,,,89,,,,,2026-06-16 오후 8:20:10,2026-06-16 오후 8:20:10,C:\Users\joobs\Downloads,옥천학원수정.dwg,2026-06-16 오후 8:15:29,43832,ByBlock,,,,(0),(0),(0),,,,0.0000,,,,,,,,,,,,,,,,,,,,,,,,,,,,,,,,,,,,,,,,,,,,,,,,,
1,점,,,Defpoints,joobs,,ByBlock,도면층별,ByBlock,1.0000,97264.7209,45746.5860,0.0000,,,,,89,,,,,2026-06-16 오후 8:20:10,2026-06-16 오후 8:20:10,C:\Users\joobs\Downloads,옥천학원수정.dwg,2026-06-16 오후 8:15:29,43832,ByBlock,,,,(0),(0),(0),,,,0.0000,,,,,,,,,,,,,,,,,,,,,,,,,,,,,,,,,,,,,,,,,,,,,,,,,
1,타원,,,ZST,joobs,,ByLayer,도면층별,ByLayer,1.0000,,,,,,,,89,,,,,2026-06-16 오후 8:20:10,2026-06-16 오후 8:20:10,C:\Users\joobs\Downloads,옥천학원수정.dwg,2026-06-16 오후 8:15:29,43832,ByLayer,,,,(0),(0),(0),,,,,,,,,,,,,,,,,,,,,,,,,,650.0000,-459.6194,459.6194,0.0000,120580.7232,1.0000,315,650.0000,459.6194,459.6194,0.0000,101414.7209,45096.5860,0.0000,,,,,,,,,,,,,,
1,선,,,ZST,joobs,,ByLayer,도면층별,ByLayer,1.0000,,,,,,,,89,,,,,2026-06-16 오후 8:20:10,2026-06-16 오후 8:20:10,C:\Users\joobs\Downloads,옥천학원수정.dwg,2026-06-16 오후 8:15:29,43832,ByLayer,,,,(0),(0),(0),,,,0.0000,,,0,4150.0000,101414.7209,45746.5860,0.0000,4150.0000,0.0000,0.0000,97264.7209,45746.5860,0.0000,ByLayer,,,,,,,,,,,,,,,,,,,,,,,,,,,,,,,,,,,
1,점,,,Defpoints,joobs,,ByBlock,도면층별,ByBlock,1.0000,97264.7209,49946.5860,0.0000,,,,,89,,,,,2026-06-16 오후 8:20:10,2026-06-16 오후 8:20:10,C:\Users\joobs\Downloads,옥천학원수정.dwg,2026-06-16 오후 8:15:29,43832,ByBlock,,,,(0),(0),(0),,,,0.0000,,,,,,,,,,,,,,,,,,,,,,,,,,,,,,,,,,,,,,,,,,,,,,,,,
1,타원,,,ZST,joobs,,ByLayer,도면층별,ByLayer,1.0000,,,,,,,,89,,,,,2026-06-16 오후 8:20:10,2026-06-16 오후 8:20:10,C:\Users\joobs\Downloads,옥천학원수정.dwg,2026-06-16 오후 8:15:29,43832,ByLayer,,,,(0),(0),(0),,,,,,,,,,,,,,,,,,,,,,,,,,650.0000,-459.6194,-459.6194,0.0000,120580.7232,1.0000,135,650.0000,-459.6194,459.6194,0.0000,101414.7209,50596.5860,0.0000,,,,,,,,,,,,,,
1,선,,,ZST,joobs,,ByLayer,도면층별,ByLayer,1.0000,,,,,,,,89,,,,,2026-06-16 오후 8:20:10,2026-06-16 오후 8:20:10,C:\Users\joobs\Downloads,옥천학원수정.dwg,2026-06-16 오후 8:15:29,43832,ByLayer,,,,(0),(0),(0),,,,0.0000,,,180,4150.0000,97264.7209,49946.5860,0.0000,-4150.0000,0.0000,0.0000,101414.7209,49946.5860,0.0000,ByLayer,,,,,,,,,,,,,,,,,,,,,,,,,,,,,,,,,,,
1,선,,,0,joobs,,ByLayer,도면층별,ByLayer,1.0000,,,,,,,,89,,,,,2026-06-16 오후 8:20:10,2026-06-16 오후 8:20:10,C:\Users\joobs\Downloads,옥천학원수정.dwg,2026-06-16 오후 8:15:29,43832,ByLayer,,,,(0),(0),(0),,,,0.0000,,,270,382.6307,106264.7210,40923.9553,0.0000,0.0000,-382.6307,0.0000,106264.7210,41306.5860,0.0000,ByLayer,,,,,,,,,,,,,,,,,,,,,,,,,,,,,,,,,,,
1,선,,,ZST,joobs,,ByLayer,도면층별,ByLayer,1.0000,,,,,,,,89,,,,,2026-06-16 오후 8:20:10,2026-06-16 오후 8:20:10,C:\Users\joobs\Downloads,옥천학원수정.dwg,2026-06-16 오후 8:15:29,43832,ByLayer,,,,(0),(0),(0),,,,0.0000,,,270,4200.0000,97264.7209,45746.5860,0.0000,0.0000,-4200.0000,0.0000,97264.7209,49946.5860,0.0000,ByLayer,,,,,,,,,,,,,,,,,,,,,,,,,,,,,,,,,,,
1,선,,,0,joobs,,ByLayer,도면층별,ByLayer,1.0000,,,,,,,,89,,,,,2026-06-16 오후 8:20:10,2026-06-16 오후 8:20:10,C:\Users\joobs\Downloads,옥천학원수정.dwg,2026-06-16 오후 8:15:29,43832,ByLayer,,,,(0),(0),(0),,,,0.0000,,,270,2632.0644,102064.7210,38674.5216,0.0000,0.0000,-2632.0644,0.0000,102064.7210,41306.5860,0.0000,ByLayer,,,,,,,,,,,,,,,,,,,,,,,,,,,,,,,,,,,
1,점,,,0,joobs,,ByBlock,도면층별,ByLayer,1.0000,84396.2887,93788.0798,0.0000,,,,,89,,,,,2026-06-16 오후 8:20:10,2026-06-16 오후 8:20:10,C:\Users\joobs\Downloads,옥천학원수정.dwg,2026-06-16 오후 8:15:29,43832,ByBlock,,,,(0),(0),(0),,,,0.0000,,,,,,,,,,,,,,,,,,,,,,,,,,,,,,,,,,,,,,,,,,,,,,,,,
1,점,,,0,joobs,,ByLayer,도면층별,ByLayer,1.0000,97264.7209,45746.5860,0.0000,,,,,89,,,,,2026-06-16 오후 8:20:10,2026-06-16 오후 8:20:10,C:\Users\joobs\Downloads,옥천학원수정.dwg,2026-06-16 오후 8:15:29,43832,ByLayer,,,,(0),(0),(0),,,,0.0000,,,,,,,,,,,,,,,,,,,,,,,,,,,,,,,,,,,,,,,,,,,,,,,,,
1,점,,,0,joobs,,ByLayer,도면층별,ByLayer,1.0000,102064.7209,41306.5860,0.0000,,,,,89,,,,,2026-06-16 오후 8:20:10,2026-06-16 오후 8:20:10,C:\Users\joobs\Downloads,옥천학원수정.dwg,2026-06-16 오후 8:15:29,43832,ByLayer,,,,(0),(0),(0),,,,0.0000,,,,,,,,,,,,,,,,,,,,,,,,,,,,,,,,,,,,,,,,,,,,,,,,,
1,점,,,0,joobs,,ByLayer,도면층별,ByLayer,1.0000,106264.7210,41306.5860,0.0000,,,,,89,,,,,2026-06-16 오후 8:20:10,2026-06-16 오후 8:20:10,C:\Users\joobs\Downloads,옥천학원수정.dwg,2026-06-16 오후 8:15:29,43832,ByLayer,,,,(0),(0),(0),,,,0.0000,,,,,,,,,,,,,,,,,,,,,,,,,,,,,,,,,,,,,,,,,,,,,,,,,
1,점,,,0,joobs,,ByLayer,도면층별,ByLayer,1.0000,106264.7209,54746.5860,0.0000,,,,,89,,,,,2026-06-16 오후 8:20:10,2026-06-16 오후 8:20:10,C:\Users\joobs\Downloads,옥천학원수정.dwg,2026-06-16 오후 8:15:29,43832,ByLayer,,,,(0),(0),(0),,,,0.0000,,,,,,,,,,,,,,,,,,,,,,,,,,,,,,,,,,,,,,,,,,,,,,,,,
1,점,,,0,joobs,,ByLayer,도면층별,ByLayer,1.0000,102064.7209,54746.5860,0.0000,,,,,89,,,,,2026-06-16 오후 8:20:10,2026-06-16 오후 8:20:10,C:\Users\joobs\Downloads,옥천학원수정.dwg,2026-06-16 오후 8:15:29,43832,ByLayer,,,,(0),(0),(0),,,,0.0000,,,,,,,,,,,,,,,,,,,,,,,,,,,,,,,,,,,,,,,,,,,,,,,,,
1,점,,,0,joobs,,ByLayer,도면층별,ByLayer,1.0000,97264.7209,49946.5860,0.0000,,,,,89,,,,,2026-06-16 오후 8:20:10,2026-06-16 오후 8:20:10,C:\Users\joobs\Downloads,옥천학원수정.dwg,2026-06-16 오후 8:15:29,43832,ByLayer,,,,(0),(0),(0),,,,0.0000,,,,,,,,,,,,,,,,,,,,,,,,,,,,,,,,,,,,,,,,,,,,,,,,,
1,점,,,0,joobs,,ByBlock,도면층별,ByLayer,1.0000,73196.2887,78788.0798,0.0000,,,,,89,,,,,2026-06-16 오후 8:20:10,2026-06-16 오후 8:20:10,C:\Users\joobs\Downloads,옥천학원수정.dwg,2026-06-16 오후 8:15:29,43832,ByBlock,,,,(0),(0),(0),,,,0.0000,,,,,,,,,,,,,,,,,,,,,,,,,,,,,,,,,,,,,,,,,,,,,,,,,
1,점,,,0,joobs,,ByBlock,도면층별,ByLayer,1.0000,113841.7977,46440.5804,0.0000,,,,,89,,,,,2026-06-16 오후 8:20:10,2026-06-16 오후 8:20:10,C:\Users\joobs\Downloads,옥천학원수정.dwg,2026-06-16 오후 8:15:29,43832,ByBlock,,,,(0),(0),(0),,,,0.0000,,,,,,,,,,,,,,,,,,,,,,,,,,,,,,,,,,,,,,,,,,,,,,,,,
1,점,,,0,joobs,,ByLayer,도면층별,ByLayer,1.0000,107736.8136,47521.8616,0.0000,,,,,89,,,,,2026-06-16 오후 8:20:10,2026-06-16 오후 8:20:10,C:\Users\joobs\Downloads,옥천학원수정.dwg,2026-06-16 오후 8:15:29,43832,ByLayer,,,,(0),(0),(0),,,,0.0000,,,,,,,,,,,,,,,,,,,,,,,,,,,,,,,,,,,,,,,,,,,,,,,,,
1,점,,,0,joobs,,ByBlock,도면층별,ByLayer,1.0000,122622.0607,53009.9777,0.0000,,,,,89,,,,,2026-06-16 오후 8:20:10,2026-06-16 오후 8:20:10,C:\Users\joobs\Downloads,옥천학원수정.dwg,2026-06-16 오후 8:15:29,43832,ByBlock,,,,(0),(0),(0),,,,0.0000,,,,,,,,,,,,,,,,,,,,,,,,,,,,,,,,,,,,,,,,,,,,,,,,,
1,점,,,0,joobs,,ByBlock,도면층별,ByLayer,1.0000,123703.3419,59114.9618,0.0000,,,,,89,,,,,2026-06-16 오후 8:20:10,2026-06-16 오후 8:20:10,C:\Users\joobs\Downloads,옥천학원수정.dwg,2026-06-16 오후 8:15:29,43832,ByBlock,,,,(0),(0),(0),,,,0.0000,,,,,,,,,,,,,,,,,,,,,,,,,,,,,,,,,,,,,,,,,,,,,,,,,
1,점,,,0,joobs,,ByBlock,도면층별,ByLayer,1.0000,101254.6163,56794.4620,0.0000,,,,,89,,,,,2026-06-16 오후 8:20:10,2026-06-16 오후 8:20:10,C:\Users\joobs\Downloads,옥천학원수정.dwg,2026-06-16 오후 8:15:29,43832,ByBlock,,,,(0),(0),(0),,,,0.0000,,,,,,,,,,,,,,,,,,,,,,,,,,,,,,,,,,,,,,,,,,,,,,,,,
1,점,,,0,joobs,,ByBlock,도면층별,ByLayer,1.0000,102335.8976,62899.4461,0.0000,,,,,89,,,,,2026-06-16 오후 8:20:10,2026-06-16 오후 8:20:10,C:\Users\joobs\Downloads,옥천학원수정.dwg,2026-06-16 오후 8:15:29,43832,ByBlock,,,,(0),(0),(0),,,,0.0000,,,,,,,,,,,,,,,,,,,,,,,,,,,,,,,,,,,,,,,,,,,,,,,,,
1,점,,,0,joobs,,ByBlock,도면층별,ByLayer,1.0000,67696.2887,78788.0798,0.0000,,,,,89,,,,,2026-06-16 오후 8:20:10,2026-06-16 오후 8:20:10,C:\Users\joobs\Downloads,옥천학원수정.dwg,2026-06-16 오후 8:15:29,43832,ByBlock,,,,(0),(0),(0),,,,0.0000,,,,,,,,,,,,,,,,,,,,,,,,,,,,,,,,,,,,,,,,,,,,,,,,,
1,점,,,0,joobs,,ByBlock,도면층별,ByLayer,1.0000,67696.2887,73088.0798,0.0000,,,,,89,,,,,2026-06-16 오후 8:20:10,2026-06-16 오후 8:20:10,C:\Users\joobs\Downloads,옥천학원수정.dwg,2026-06-16 오후 8:15:29,43832,ByBlock,,,,(0),(0),(0),,,,0.0000,,,,,,,,,,,,,,,,,,,,,,,,,,,,,,,,,,,,,,,,,,,,,,,,,
1,점,,,0,joobs,,ByBlock,도면층별,ByLayer,1.0000,78896.2887,74394.3232,0.0000,,,,,89,,,,,2026-06-16 오후 8:20:10,2026-06-16 오후 8:20:10,C:\Users\joobs\Downloads,옥천학원수정.dwg,2026-06-16 오후 8:15:29,43832,ByBlock,,,,(0),(0),(0),,,,0.0000,,,,,,,,,,,,,,,,,,,,,,,,,,,,,,,,,,,,,,,,,,,,,,,,,
1,점,,,0,joobs,,ByBlock,도면층별,ByLayer,1.0000,84396.2887,88088.0798,0.0000,,,,,89,,,,,2026-06-16 오후 8:20:10,2026-06-16 오후 8:20:10,C:\Users\joobs\Downloads,옥천학원수정.dwg,2026-06-16 오후 8:15:29,43832,ByBlock,,,,(0),(0),(0),,,,0.0000,,,,,,,,,,,,,,,,,,,,,,,,,,,,,,,,,,,,,,,,,,,,,,,,,
1,선,,,0,joobs,,ByBlock,도면층별,ByLayer,1.0000,,,,,,,,89,,,,,2026-06-16 오후 8:20:10,2026-06-16 오후 8:20:10,C:\Users\joobs\Downloads,옥천학원수정.dwg,2026-06-16 오후 8:15:29,43832,ByBlock,,,,(0),(0),(0),,,,0.0000,,,0,8100.0000,115934.2887,78188.0798,0.0000,8100.0000,0.0000,0.0000,107834.2887,78188.0798,0.0000,ByLayer,,,,,,,,,,,,,,,,,,,,,,,,,,,,,,,,,,,
1,점,,,0,joobs,,ByBlock,도면층별,ByLayer,1.0000,98734.2887,76588.0798,0.0000,,,,,89,,,,,2026-06-16 오후 8:20:10,2026-06-16 오후 8:20:10,C:\Users\joobs\Downloads,옥천학원수정.dwg,2026-06-16 오후 8:15:29,43832,ByBlock,,,,(0),(0),(0),,,,0.0000,,,,,,,,,,,,,,,,,,,,,,,,,,,,,,,,,,,,,,,,,,,,,,,,,
1,선,,,ZST,joobs,,ByLayer,도면층별,ByLayer,1.0000,,,,,,,,89,,,,,2026-06-16 오후 8:20:10,2026-06-16 오후 8:20:10,C:\Users\joobs\Downloads,옥천학원수정.dwg,2026-06-16 오후 8:15:29,43832,ByLayer,,,,(0),(0),(0),,,,0.0000,,,90,4150.0784,102064.7209,54746.5860,0.0000,0.0000,4150.0784,0.0000,102064.7209,50596.5076,0.0000,ByLayer,,,,,,,,,,,,,,,,,,,,,,,,,,,,,,,,,,,
1,선,,,ZST,joobs,,ByLayer,도면층별,ByLayer,1.0000,,,,,,,,89,,,,,2026-06-16 오후 8:20:10,2026-06-16 오후 8:20:10,C:\Users\joobs\Downloads,옥천학원수정.dwg,2026-06-16 오후 8:15:29,43832,ByLayer,,,,(0),(0),(0),,,,0.0000,,,270,3790.0784,102064.7209,41306.5860,0.0000,0.0000,-3790.0784,0.0000,102064.7209,45096.6644,0.0000,ByLayer,,,,,,,,,,,,,,,,,,,,,,,,,,,,,,,,,,,
1,선,,,0,joobs,,ByBlock,도면층별,ByLayer,1.0000,,,,,,,,89,,,,,2026-06-16 오후 8:20:10,2026-06-16 오후 8:20:10,C:\Users\joobs\Downloads,옥천학원수정.dwg,2026-06-16 오후 8:15:29,43832,ByBlock,,,,(0),(0),(0),,,,0.0000,,,0,0.0000,65224.3640,31192.5338,0.0000,0.0000,0.0000,0.0000,65224.3640,31192.5338,0.0000,ByLayer,,,,,,,,,,,,,,,,,,,,,,,,,,,,,,,,,,,
1,여러 줄 문자,,,DIM,joobs,,ByBlock,도면층별,ByLayer,1.0000,,,,,,,,89,,,,,2026-06-16 오후 8:20:10,2026-06-16 오후 8:20:10,C:\Users\joobs\Downloads,옥천학원수정.dwg,2026-06-16 오후 8:15:29,43832,ByBlock,,,180,(0),(0),(0),,,,,,,,,,,,,,,,,,ByLayer,{\fDotum|b0|i0|c129|p50;정지},45703.8088,46917.8808,0.0000,50649.5744,{\rtf1\ansi{\fonttbl{\f0\fnil\fcharset129 System;}{\f1\fmodern\fprq2\fcharset129 \'B5\'B8\'BF\'F2;}}
{\colortbl\red0\green0\blue0;}
\pard\plain\f0\cf0\fs48 {\f1 \b0 \i0 \u51221?\u51648?}\par },False,,,,,,,,,,,,,,,,,,,,,,,,,,,,
1,여러 줄 문자,,,DIM,joobs,,ByBlock,도면층별,ByLayer,1.0000,,,,,,,,89,,,,,2026-06-16 오후 8:20:10,2026-06-16 오후 8:20:10,C:\Users\joobs\Downloads,옥천학원수정.dwg,2026-06-16 오후 8:15:29,43832,ByBlock,,,0,(0),(0),(0),,,,,,,,,,,,,,,,,,ByLayer,{\fDotum|b0|i0|c129|p50;정지},46663.7077,39122.9641,0.0000,50649.5744,{\rtf1\ansi{\fonttbl{\f0\fnil\fcharset129 System;}{\f1\fmodern\fprq2\fcharset129 \'B5\'B8\'BF\'F2;}}
{\colortbl\red0\green0\blue0;}
\pard\plain\f0\cf0\fs48 {\f1 \b0 \i0 \u51221?\u51648?}\par },False,,,,,,,,,,,,,,,,,,,,,,,,,,,,
1,선,,,0,joobs,,ByBlock,도면층별,ByLayer,1.0000,,,,,,,,89,,,,,2026-06-16 오후 8:20:10,2026-06-16 오후 8:20:10,C:\Users\joobs\Downloads,옥천학원수정.dwg,2026-06-16 오후 8:15:29,43832,ByBlock,,,,(0),(0),(0),,,,0.0000,,,0,240.0000,49482.9451,41974.2353,0.0000,240.0000,0.0000,0.0000,49242.9451,41974.2353,0.0000,ByLayer,,,,,,,,,,,,,,,,,,,,,,,,,,,,,,,,,,,
1,선,,,0,joobs,,ByBlock,도면층별,ByLayer,1.0000,,,,,,,,89,,,,,2026-06-16 오후 8:20:10,2026-06-16 오후 8:20:10,C:\Users\joobs\Downloads,옥천학원수정.dwg,2026-06-16 오후 8:15:29,43832,ByBlock,,,,(0),(0),(0),,,,0.0000,,,0,240.0000,49482.9451,44274.2353,0.0000,240.0000,0.0000,0.0000,49242.9451,44274.2353,0.0000,ByLayer,,,,,,,,,,,,,,,,,,,,,,,,,,,,,,,,,,,
1,선,,,0,joobs,,ByBlock,도면층별,ByLayer,1.0000,,,,,,,,89,,,,,2026-06-16 오후 8:20:10,2026-06-16 오후 8:20:10,C:\Users\joobs\Downloads,옥천학원수정.dwg,2026-06-16 오후 8:15:29,43832,ByBlock,,,,(0),(0),(0),,,,0.0000,,,270,2300.0000,49482.9451,41974.2353,0.0000,0.0000,-2300.0000,0.0000,49482.9451,44274.2353,0.0000,ByLayer,,,,,,,,,,,,,,,,,,,,,,,,,,,,,,,,,,,
1,선,,,0,joobs,,ByBlock,도면층별,ByLayer,1.0000,,,,,,,,89,,,,,2026-06-16 오후 8:20:10,2026-06-16 오후 8:20:10,C:\Users\joobs\Downloads,옥천학원수정.dwg,2026-06-16 오후 8:15:29,43832,ByBlock,,,,(0),(0),(0),,,,0.0000,,,270,2300.0000,49242.9451,41974.2353,0.0000,0.0000,-2300.0000,0.0000,49242.9451,44274.2353,0.0000,ByLayer,,,,,,,,,,,,,,,,,,,,,,,,,,,,,,,,,,,
1,해치,,,0,joobs,,ByBlock,도면층별,ByLayer,1.0000,,,,,,,,89,,,,,2026-06-16 오후 8:20:10,2026-06-16 오후 8:20:10,C:\Users\joobs\Downloads,옥천학원수정.dwg,2026-06-16 오후 8:15:29,43832,ByBlock,,,,(0),(0),(0),,,,,,,,,,,,,,,,,,,,,,,,,,,,,,552000.0000,,,,,,,,,,,,0,1.0000,True,0.0000,0.0000,미리 정의,False,1.0000,SOLID,,,
1,폴리선,,,0,joobs,,ByBlock,도면층별,ByLayer,1.0000,,,,,,,,89,,,,,2026-06-16 오후 8:20:10,2026-06-16 오후 8:20:10,C:\Users\joobs\Downloads,옥천학원수정.dwg,2026-06-16 오후 8:15:29,43832,ByBlock,,,,(0),(0),(0),,,,0.0000,,,,7610.2407,,,,,,,,,,ByLayer,,,,,,,,,,,,1051504.0064,,,,,,,,,,True,0.0000,,,,,,,,,,,,
1,해치,,,0,joobs,,ByBlock,도면층별,ByLayer,1.0000,,,,,,,,89,,,,,2026-06-16 오후 8:20:10,2026-06-16 오후 8:20:10,C:\Users\joobs\Downloads,옥천학원수정.dwg,2026-06-16 오후 8:15:29,43832,ByBlock,,,,(0),(0),(0),,,,,,,,,,,,,,,,,,,,,,,,,,,,,,3492757.7151,,,,,,,,,,,,0,1.0000,False,0.0000,0.0000,미리 정의,False,1.0000,SOLID,,,
1,선,,,0,joobs,,ByBlock,도면층별,ByLayer,1.0000,,,,,,,,89,,,,,2026-06-16 오후 8:20:10,2026-06-16 오후 8:20:10,C:\Users\joobs\Downloads,옥천학원수정.dwg,2026-06-16 오후 8:15:29,43832,ByBlock,,,,(0),(0),(0),,,,0.0000,,,180,6473.9436,42689.0015,42374.2353,0.0000,-6473.9436,0.0000,0.0000,49162.9451,42374.2353,0.0000,ByLayer,,,,,,,,,,,,,,,,,,,,,,,,,,,,,,,,,,,
1,선,,,0,joobs,,ByBlock,도면층별,ByLayer,1.0000,,,,,,,,89,,,,,2026-06-16 오후 8:20:10,2026-06-16 오후 8:20:10,C:\Users\joobs\Downloads,옥천학원수정.dwg,2026-06-16 오후 8:15:29,43832,ByBlock,,,,(0),(0),(0),,,,0.0000,,,0,240.0000,48892.9451,44274.2353,0.0000,240.0000,0.0000,0.0000,48652.9451,44274.2353,0.0000,ByLayer,,,,,,,,,,,,,,,,,,,,,,,,,,,,,,,,,,,
1,선,,,0,joobs,,ByBlock,도면층별,ByLayer,1.0000,,,,,,,,89,,,,,2026-06-16 오후 8:20:10,2026-06-16 오후 8:20:10,C:\Users\joobs\Downloads,옥천학원수정.dwg,2026-06-16 오후 8:15:29,43832,ByBlock,,,,(0),(0),(0),,,,0.0000,,,90,2300.0000,48652.9451,44274.2353,0.0000,0.0000,2300.0000,0.0000,48652.9451,41974.2353,0.0000,ByLayer,,,,,,,,,,,,,,,,,,,,,,,,,,,,,,,,,,,
1,선,,,0,joobs,,ByBlock,도면층별,ByLayer,1.0000,,,,,,,,89,,,,,2026-06-16 오후 8:20:10,2026-06-16 오후 8:20:10,C:\Users\joobs\Downloads,옥천학원수정.dwg,2026-06-16 오후 8:15:29,43832,ByBlock,,,,(0),(0),(0),,,,0.0000,,,180,240.0000,48652.9451,41974.2353,0.0000,-240.0000,0.0000,0.0000,48892.9451,41974.2353,0.0000,ByLayer,,,,,,,,,,,,,,,,,,,,,,,,,,,,,,,,,,,
1,선,,,0,joobs,,ByBlock,도면층별,ByLayer,1.0000,,,,,,,,89,,,,,2026-06-16 오후 8:20:10,2026-06-16 오후 8:20:10,C:\Users\joobs\Downloads,옥천학원수정.dwg,2026-06-16 오후 8:15:29,43832,ByBlock,,,,(0),(0),(0),,,,0.0000,,,270,2300.0000,48892.9451,41974.2353,0.0000,0.0000,-2300.0000,0.0000,48892.9451,44274.2353,0.0000,ByLayer,,,,,,,,,,,,,,,,,,,,,,,,,,,,,,,,,,,
1,해치,,,0,joobs,,ByBlock,도면층별,ByLayer,1.0000,,,,,,,,89,,,,,2026-06-16 오후 8:20:10,2026-06-16 오후 8:20:10,C:\Users\joobs\Downloads,옥천학원수정.dwg,2026-06-16 오후 8:15:29,43832,ByBlock,,,,(0),(0),(0),,,,,,,,,,,,,,,,,,,,,,,,,,,,,,6072000.0001,,,,,,,,,,,,0,1.0000,False,0.0000,0.0000,미리 정의,False,1.0000,SOLID,,,
1,선,,,DIM,joobs,,ByBlock,도면층별,ByLayer,1.0000,,,,,,,,89,,,,,2026-06-16 오후 8:20:10,2026-06-16 오후 8:20:10,C:\Users\joobs\Downloads,옥천학원수정.dwg,2026-06-16 오후 8:15:29,43832,ByBlock,,,,(0),(0),(0),,,,0.0000,,,206,12754.8088,61408.7374,36407.5261,0.0000,-11464.8691,-5589.4476,0.0000,72873.6064,41996.9737,0.0000,ByLayer,,,,,,,,,,,,,,,,,,,,,,,,,,,,,,,,,,,
1,선,,,0,joobs,,ByBlock,도면층별,ByLayer,1.0000,,,,,,,,89,,,,,2026-06-16 오후 8:20:10,2026-06-16 오후 8:20:10,C:\Users\joobs\Downloads,옥천학원수정.dwg,2026-06-16 오후 8:15:29,43832,ByBlock,,,,(0),(0),(0),,,,0.0000,,,90,1500.0000,65224.3640,31692.5338,0.0000,0.0000,1500.0000,0.0000,65224.3640,30192.5338,0.0000,ByLayer,,,,,,,,,,,,,,,,,,,,,,,,,,,,,,,,,,,
1,선,,,ZST,joobs,,ByLayer,도면층별,ByLayer,1.0000,,,,,,,,89,,,,,2026-06-16 오후 8:20:10,2026-06-16 오후 8:20:10,C:\Users\joobs\Downloads,옥천학원수정.dwg,2026-06-16 오후 8:15:29,43832,ByLayer,,,,(0),(0),(0),,,,0.0000,,,0,4200.0000,106264.7209,54746.5860,0.0000,4200.0000,0.0000,0.0000,102064.7209,54746.5860,0.0000,ByLayer,,,,,,,,,,,,,,,,,,,,,,,,,,,,,,,,,,,
1,선,,,0,joobs,,ByBlock,도면층별,ByLayer,1.0000,,,,,,,,89,,,,,2026-06-16 오후 8:20:10,2026-06-16 오후 8:20:10,C:\Users\joobs\Downloads,옥천학원수정.dwg,2026-06-16 오후 8:15:29,43832,ByBlock,,,,(0),(0),(0),,,,0.0000,,,124,901.3878,65224.3640,31692.5338,0.0000,-500.0000,750.0000,0.0000,65724.3640,30942.5338,0.0000,ByLayer,,,,,,,,,,,,,,,,,,,,,,,,,,,,,,,,,,,
1,여러 줄 문자,,,DIM,joobs,,ByBlock,도면층별,ByLayer,1.0000,,,,,,,,89,,,,,2026-06-16 오후 8:20:10,2026-06-16 오후 8:20:10,C:\Users\joobs\Downloads,옥천학원수정.dwg,2026-06-16 오후 8:15:29,43832,ByBlock,,,180,(0),(0),(0),,,,,,,,,,,,,,,,,,ByLayer,\A1;{\fDotum|b0|i0|c129|p50;기어변속},79850.9206,29780.0036,0.0000,18065.7029,{\rtf1\ansi{\fonttbl{\f0\fnil\fcharset129 System;}{\f1\fmodern\fprq2\fcharset129 \'B5\'B8\'BF\'F2;}}
{\colortbl\red0\green0\blue0;}
\pard\plain\f0\cf0\fs48 {\f1 \b0 \i0 \u44592?\u50612?\u48320?\u49549?}\par },False,,,,,,,,,,,,,,,,,,,,,,,,,,,,
1,선,,,ZST,joobs,,ByLayer,도면층별,ByLayer,1.0000,,,,,,,,89,,,,,2026-06-16 오후 8:20:10,2026-06-16 오후 8:20:10,C:\Users\joobs\Downloads,옥천학원수정.dwg,2026-06-16 오후 8:15:29,43832,ByLayer,,,,(0),(0),(0),,,,0.0000,,,270,13440.0001,106264.7209,41306.5860,0.0000,0.0000,-13440.0001,0.0000,106264.7209,54746.5860,0.0000,ByLayer,,,,,,,,,,,,,,,,,,,,,,,,,,,,,,,,,,,
1,타원,,,ZST-1,joobs,,ByLayer,도면층별,ByLayer,1.0000,,,,,,,,89,,,,,2026-06-16 오후 8:20:10,2026-06-16 오후 8:20:10,C:\Users\joobs\Downloads,옥천학원수정.dwg,2026-06-16 오후 8:15:29,43832,ByLayer,,,,(0),(0),(0),,,,,,,,,,,,,,,,,,,,,,,,,,1010.0000,-714.1778,-714.1778,0.0000,291134.6645,1.0000,135,1010.0000,-714.1778,714.1778,0.0000,101414.7209,50596.5860,0.0000,,,,,,,,,,,,,,
1,문자,,,DIM,joobs,,ByBlock,도면층별,ByLayer,1.0000,79453.2887,50399.2353,0.0000,,,,,89,,,,,2026-06-16 오후 8:20:10,2026-06-16 오후 8:20:10,C:\Users\joobs\Downloads,옥천학원수정.dwg,2026-06-16 오후 8:15:29,43832,ByBlock,,,0,(0),(0),(0),24740,0,1164.0000,0.0000,Standard,1.0000,,,,,,,,,,,,,,,,,,,,,,,,,,,,,,,,,,,,,,,,,,,,,,,
1,문자,,,DIM,joobs,,ByBlock,도면층별,ByLayer,1.0000,75823.2887,47665.2353,0.0000,,,,,89,,,,,2026-06-16 오후 8:20:10,2026-06-16 오후 8:20:10,C:\Users\joobs\Downloads,옥천학원수정.dwg,2026-06-16 오후 8:15:29,43832,ByBlock,,,0,(0),(0),(0),12487,0,770.0000,0.0000,Standard,1.0000,,,,,,,,,,,,,,,,,,,,,,,,,,,,,,,,,,,,,,,,,,,,,,,
1,선,,,0,joobs,,ByBlock,도면층별,ByLayer,1.0000,,,,,,,,89,,,,,2026-06-16 오후 8:20:10,2026-06-16 오후 8:20:10,C:\Users\joobs\Downloads,옥천학원수정.dwg,2026-06-16 오후 8:15:29,43832,ByBlock,,,,(0),(0),(0),,,,0.0000,,,81,6983.6562,123968.5296,99649.9827,0.0000,1100.7439,6896.3625,0.0000,122867.7858,92753.6201,0.0000,ByLayer,,,,,,,,,,,,,,,,,,,,,,,,,,,,,,,,,,,
1,선,,,0,joobs,,ByBlock,도면층별,ByLayer,1.0000,,,,,,,,89,,,,,2026-06-16 오후 8:20:10,2026-06-16 오후 8:20:10,C:\Users\joobs\Downloads,옥천학원수정.dwg,2026-06-16 오후 8:15:29,43832,ByBlock,,,,(0),(0),(0),,,,0.0000,,,81,6953.9296,111126.4460,101670.2137,0.0000,1096.0585,6867.0076,0.0000,110030.3876,94803.2061,0.0000,ByLayer,,,,,,,,,,,,,,,,,,,,,,,,,,,,,,,,,,,
1,선,,,0,joobs,,ByBlock,도면층별,ByLayer,1.0000,,,,,,,,89,,,,,2026-06-16 오후 8:20:10,2026-06-16 오후 8:20:10,C:\Users\joobs\Downloads,옥천학원수정.dwg,2026-06-16 오후 8:15:29,43832,ByBlock,,,,(0),(0),(0),,,,0.0000,,,81,6983.0163,123968.2819,99649.3743,0.0000,1100.6430,6895.7307,0.0000,122867.6389,92753.6436,0.0000,ByLayer,,,,,,,,,,,,,,,,,,,,,,,,,,,,,,,,,,,
1,선,,,0,joobs,,ByBlock,도면층별,ByLayer,1.0000,,,,,,,,89,,,,,2026-06-16 오후 8:20:10,2026-06-16 오후 8:20:10,C:\Users\joobs\Downloads,옥천학원수정.dwg,2026-06-16 오후 8:15:29,43832,ByBlock,,,,(0),(0),(0),,,,0.0000,,,81,6962.9603,111127.8694,101679.1315,0.0000,1097.4818,6875.9254,0.0000,110030.3876,94803.2061,0.0000,ByLayer,,,,,,,,,,,,,,,,,,,,,,,,,,,,,,,,,,,
1,여러 줄 문자,,,DIM,joobs,,ByBlock,도면층별,ByLayer,1.0000,,,,,,,,89,,,,,2026-06-16 오후 8:20:10,2026-06-16 오후 8:20:10,C:\Users\joobs\Downloads,옥천학원수정.dwg,2026-06-16 오후 8:15:29,43832,ByBlock,,,270,(0),(0),(0),,,,,,,,,,,,,,,,,,ByLayer,{\fDotum|b0|i0|c129|p50;종료},129956.7672,83756.5195,0.0000,50649.5744,{\rtf1\ansi{\fonttbl{\f0\fnil\fcharset129 System;}{\f1\fmodern\fprq2\fcharset129 \'B5\'B8\'BF\'F2;}}
{\colortbl\red0\green0\blue0;}
\pard\plain\f0\cf0\fs48 {\f1 \b0 \i0 \u51333?\u47308?}\par },False,,,,,,,,,,,,,,,,,,,,,,,,,,,,
1,여러 줄 문자,,,DIM,joobs,,ByBlock,도면층별,ByLayer,1.0000,,,,,,,,89,,,,,2026-06-16 오후 8:20:10,2026-06-16 오후 8:20:10,C:\Users\joobs\Downloads,옥천학원수정.dwg,2026-06-16 오후 8:15:29,43832,ByBlock,,,270,(0),(0),(0),,,,,,,,,,,,,,,,,,ByLayer,{\fDotum|b0|i0|c129|p50;종료},130008.8971,87175.7252,0.0000,50649.5744,{\rtf1\ansi{\fonttbl{\f0\fnil\fcharset129 System;}{\f1\fmodern\fprq2\fcharset129 \'B5\'B8\'BF\'F2;}}
{\colortbl\red0\green0\blue0;}
\pard\plain\f0\cf0\fs48 {\f1 \b0 \i0 \u51333?\u47308?}\par },False,,,,,,,,,,,,,,,,,,,,,,,,,,,,
1,폴리선,,,PAINT,joobs,,ByBlock,도면층별,ByLayer,1.0000,,,,,,,,89,,,,,2026-06-16 오후 8:20:10,2026-06-16 오후 8:20:10,C:\Users\joobs\Downloads,옥천학원수정.dwg,2026-06-16 오후 8:15:29,43832,ByBlock,,,,(0),(0),(0),,,,0.0000,,,,7000.0179,,,,,,,,,,ByLayer,,,,,,,,,,,,0.0000,,,,,,,,,,False,300.0000,,,,,,,,,,,,
1,선,,,0,joobs,,ByBlock,도면층별,ByLayer,1.0000,,,,,,,,89,,,,,2026-06-16 오후 8:20:10,2026-06-16 오후 8:20:10,C:\Users\joobs\Downloads,옥천학원수정.dwg,2026-06-16 오후 8:15:29,43832,ByBlock,,,,(0),(0),(0),,,,0.0000,,,351,2000.0000,108915.0124,100504.1513,0.0000,1975.0006,-315.2343,0.0000,106940.0118,100819.3856,0.0000,ByLayer,,,,,,,,,,,,,,,,,,,,,,,,,,,,,,,,,,,
1,선,,,0,joobs,,ByBlock,도면층별,ByLayer,1.0000,,,,,,,,89,,,,,2026-06-16 오후 8:20:10,2026-06-16 오후 8:20:10,C:\Users\joobs\Downloads,옥천학원수정.dwg,2026-06-16 오후 8:15:29,43832,ByBlock,,,,(0),(0),(0),,,,0.0000,,,171,2000.0000,107097.6289,101806.8859,0.0000,-1975.0006,315.2343,0.0000,109072.6295,101491.6516,0.0000,ByLayer,,,,,,,,,,,,,,,,,,,,,,,,,,,,,,,,,,,
1,여러 줄 문자,,,DIM,joobs,,ByBlock,도면층별,ByLayer,1.0000,,,,,,,,89,,,,,2026-06-16 오후 8:20:10,2026-06-16 오후 8:20:10,C:\Users\joobs\Downloads,옥천학원수정.dwg,2026-06-16 오후 8:15:29,43832,ByBlock,,,81,(0),(0),(0),,,,,,,,,,,,,,,,,,ByLayer,{\fDotum|b0|i0|c129|p50;출발},121370.4559,96912.4223,0.0000,50649.5744,{\rtf1\ansi{\fonttbl{\f0\fnil\fcharset129 System;}{\f1\fmodern\fprq2\fcharset129 \'B5\'B8\'BF\'F2;}}
{\colortbl\red0\green0\blue0;}
\pard\plain\f0\cf0\fs48 {\f1 \b0 \i0 \u52636?\u48156?}\par },False,,,,,,,,,,,,,,,,,,,,,,,,,,,,
1,여러 줄 문자,,,DIM,joobs,,ByBlock,도면층별,ByLayer,1.0000,,,,,,,,89,,,,,2026-06-16 오후 8:20:10,2026-06-16 오후 8:20:10,C:\Users\joobs\Downloads,옥천학원수정.dwg,2026-06-16 오후 8:15:29,43832,ByBlock,,,81,(0),(0),(0),,,,,,,,,,,,,,,,,,ByLayer,{\fDotum|b0|i0|c129|p50;출발},120788.3141,93153.7483,0.0000,50649.5744,{\rtf1\ansi{\fonttbl{\f0\fnil\fcharset129 System;}{\f1\fmodern\fprq2\fcharset129 \'B5\'B8\'BF\'F2;}}
{\colortbl\red0\green0\blue0;}
\pard\plain\f0\cf0\fs48 {\f1 \b0 \i0 \u52636?\u48156?}\par },False,,,,,,,,,,,,,,,,,,,,,,,,,,,,
1,폴리선,,,PAINT,joobs,,ByBlock,도면층별,ByLayer,1.0000,,,,,,,,89,,,,,2026-06-16 오후 8:20:10,2026-06-16 오후 8:20:10,C:\Users\joobs\Downloads,옥천학원수정.dwg,2026-06-16 오후 8:15:29,43832,ByBlock,,,,(0),(0),(0),,,,0.0000,,,,6964.3664,,,,,,,,,,ByLayer,,,,,,,,,,,,0.0000,,,,,,,,,,False,300.0000,,,,,,,,,,,,
1,폴리선,,,PAINT,joobs,,ByBlock,도면층별,ByLayer,1.0000,,,,,,,,89,,,,,2026-06-16 오후 8:20:10,2026-06-16 오후 8:20:10,C:\Users\joobs\Downloads,옥천학원수정.dwg,2026-06-16 오후 8:15:29,43832,ByBlock,,,,(0),(0),(0),,,,0.0000,,,,6953.9296,,,,,,,,,,ByLayer,,,,,,,,,,,,0.0000,,,,,,,,,,False,300.0000,,,,,,,,,,,,
1,선,,,0,joobs,,ByBlock,도면층별,ByLayer,1.0000,,,,,,,,89,,,,,2026-06-16 오후 8:20:10,2026-06-16 오후 8:20:10,C:\Users\joobs\Downloads,옥천학원수정.dwg,2026-06-16 오후 8:15:29,43832,ByBlock,,,,(0),(0),(0),,,,0.0000,,,90,500.0000,65224.3640,31192.5338,0.0000,0.0000,500.0000,0.0000,65224.3640,30692.5338,0.0000,ByLayer,,,,,,,,,,,,,,,,,,,,,,,,,,,,,,,,,,,
1,점,,,0,joobs,,ByBlock,도면층별,ByLayer,1.0000,106834.2887,76588.0798,0.0000,,,,,89,,,,,2026-06-16 오후 8:20:10,2026-06-16 오후 8:20:10,C:\Users\joobs\Downloads,옥천학원수정.dwg,2026-06-16 오후 8:15:29,43832,ByBlock,,,,(0),(0),(0),,,,0.0000,,,,,,,,,,,,,,,,,,,,,,,,,,,,,,,,,,,,,,,,,,,,,,,,,
1,점,,,0,joobs,,ByBlock,도면층별,ByLayer,1.0000,107834.2887,78188.0798,0.0000,,,,,89,,,,,2026-06-16 오후 8:20:10,2026-06-16 오후 8:20:10,C:\Users\joobs\Downloads,옥천학원수정.dwg,2026-06-16 오후 8:15:29,43832,ByBlock,,,,(0),(0),(0),,,,0.0000,,,,,,,,,,,,,,,,,,,,,,,,,,,,,,,,,,,,,,,,,,,,,,,,,
1,점,,,0,joobs,,ByBlock,도면층별,ByLayer,1.0000,115934.2887,78188.0798,0.0000,,,,,89,,,,,2026-06-16 오후 8:20:10,2026-06-16 오후 8:20:10,C:\Users\joobs\Downloads,옥천학원수정.dwg,2026-06-16 오후 8:15:29,43832,ByBlock,,,,(0),(0),(0),,,,0.0000,,,,,,,,,,,,,,,,,,,,,,,,,,,,,,,,,,,,,,,,,,,,,,,,,
1,선,,,ZST,joobs,,빨간색,도면층별,ByLayer,1.0000,,,,,,,,89,,,,,2026-06-16 오후 8:20:10,2026-06-16 오후 8:20:10,C:\Users\joobs\Downloads,옥천학원수정.dwg,2026-06-16 오후 8:15:29,43832,색상_1,,,,(0),(0),(0),,,,0.0000,,,129,3720.0000,81342.9413,60357.0364,0.0000,-2354.2873,2880.2311,0.0000,83697.2286,57476.8053,0.0000,ByLayer,,,,,,,,,,,,,,,,,,,,,,,,,,,,,,,,,,,
1,선,,,ZST,joobs,,빨간색,도면층별,ByLayer,1.0000,,,,,,,,89,,,,,2026-06-16 오후 8:20:10,2026-06-16 오후 8:20:10,C:\Users\joobs\Downloads,옥천학원수정.dwg,2026-06-16 오후 8:15:29,43832,색상_1,,,,(0),(0),(0),,,,0.0000,,,309,4150.0000,83018.5914,50722.5880,0.0000,2626.4226,-3213.1611,0.0000,80392.1687,53935.7490,0.0000,ByLayer,,,,,,,,,,,,,,,,,,,,,,,,,,,,,,,,,,,
1,선,,,ZST,joobs,,빨간색,도면층별,ByLayer,1.0000,,,,,,,,89,,,,,2026-06-16 오후 8:20:10,2026-06-16 오후 8:20:10,C:\Users\joobs\Downloads,옥천학원수정.dwg,2026-06-16 오후 8:15:29,43832,색상_1,,,,(0),(0),(0),,,,0.0000,,,219,4200.0000,79766.7175,48064.5217,0.0000,-3251.8739,-2658.0663,0.0000,83018.5914,50722.5880,0.0000,ByLayer,,,,,,,,,,,,,,,,,,,,,,,,,,,,,,,,,,,
1,선,,,ZST,joobs,,빨간색,도면층별,ByLayer,1.0000,,,,,,,,89,,,,,2026-06-16 오후 8:20:10,2026-06-16 오후 8:20:10,C:\Users\joobs\Downloads,옥천학원수정.dwg,2026-06-16 오후 8:15:29,43832,색상_1,,,,(0),(0),(0),,,,0.0000,,,129,3790.0000,74816.5582,60756.9416,0.0000,-2398.5884,2934.4290,0.0000,77215.1466,57822.5125,0.0000,ByLayer,,,,,,,,,,,,,,,,,,,,,,,,,,,,,,,,,,,
1,선,,,ZST,joobs,,빨간색,도면층별,ByLayer,1.0000,,,,,,,,89,,,,,2026-06-16 오후 8:20:10,2026-06-16 오후 8:20:10,C:\Users\joobs\Downloads,옥천학원수정.dwg,2026-06-16 오후 8:15:29,43832,색상_1,,,,(0),(0),(0),,,,0.0000,,,129,12960.0000,71564.6844,58098.8753,0.0000,-8202.0331,10034.3536,0.0000,79766.7175,48064.5217,0.0000,ByLayer,,,,,,,,,,,,,,,,,,,,,,,,,,,,,,,,,,,
1,호,,,ZST-1,joobs,,빨간색,도면층별,ByLayer,1.0000,,,,,,,,89,,,,,2026-06-16 오후 8:20:10,2026-06-16 오후 8:20:10,C:\Users\joobs\Downloads,옥천학원수정.dwg,2026-06-16 오후 8:15:29,43832,색상_1,,,,(0),(0),(0),,,,0.0000,,,,1586.5043,,,,,,,,,,ByLayer,,,,,,,,,,,,291134.6665,,129,,,,,80895.4349,54347.1164,0.0000,,,,,,,,,,,,,1010.0000,90
1,선,,,ZST-1,joobs,,빨간색,도면층별,ByLayer,1.0000,,,,,,,,89,,,,,2026-06-16 오후 8:20:10,2026-06-16 오후 8:20:10,C:\Users\joobs\Downloads,옥천학원수정.dwg,2026-06-16 오후 8:15:29,43832,색상_1,,,,(0),(0),(0),,,,0.0000,,,129,3790.0000,80113.4367,53707.9148,0.0000,-2398.5884,2934.4290,0.0000,82512.0251,50773.4857,0.0000,ByLayer,,,,,,,,,,,,,,,,,,,,,,,,,,,,,,,,,,,
1,선,,,ZST-1,joobs,,빨간색,도면층별,ByLayer,1.0000,,,,,,,,89,,,,,2026-06-16 오후 8:20:10,2026-06-16 오후 8:20:10,C:\Users\joobs\Downloads,옥천학원수정.dwg,2026-06-16 오후 8:15:29,43832,색상_1,,,,(0),(0),(0),,,,0.0000,,,39,3480.0000,82512.0251,50773.4857,0.0000,2694.4098,2202.3978,0.0000,79817.6153,48571.0880,0.0000,ByLayer,,,,,,,,,,,,,,,,,,,,,,,,,,,,,,,,,,,
1,선,,,ZST-1,joobs,,빨간색,도면층별,ByLayer,1.0000,,,,,,,,89,,,,,2026-06-16 오후 8:20:10,2026-06-16 오후 8:20:10,C:\Users\joobs\Downloads,옥천학원수정.dwg,2026-06-16 오후 8:15:29,43832,색상_1,,,,(0),(0),(0),,,,0.0000,,,309,12600.0000,79817.6153,48571.0880,0.0000,7974.1989,-9755.6216,0.0000,71843.4164,58326.7095,0.0000,ByLayer,,,,,,,,,,,,,,,,,,,,,,,,,,,,,,,,,,,
1,선,,,ZST-1,joobs,,빨간색,도면층별,ByLayer,1.0000,,,,,,,,89,,,,,2026-06-16 오후 8:20:10,2026-06-16 오후 8:20:10,C:\Users\joobs\Downloads,옥천학원수정.dwg,2026-06-16 오후 8:15:29,43832,색상_1,,,,(0),(0),(0),,,,0.0000,,,219,3480.0000,71843.4164,58326.7095,0.0000,-2694.4098,-2202.3978,0.0000,74537.8262,60529.1073,0.0000,ByLayer,,,,,,,,,,,,,,,,,,,,,,,,,,,,,,,,,,,
1,선,,,ZST-1,joobs,,빨간색,도면층별,ByLayer,1.0000,,,,,,,,89,,,,,2026-06-16 오후 8:20:10,2026-06-16 오후 8:20:10,C:\Users\joobs\Downloads,옥천학원수정.dwg,2026-06-16 오후 8:15:29,43832,색상_1,,,,(0),(0),(0),,,,0.0000,,,129,3790.0000,74537.8262,60529.1073,0.0000,-2398.5884,2934.4290,0.0000,76936.4146,57594.6783,0.0000,ByLayer,,,,,,,,,,,,,,,,,,,,,,,,,,,,,,,,,,,
1,호,,,ZST-1,joobs,,빨간색,도면층별,ByLayer,1.0000,,,,,,,,89,,,,,2026-06-16 오후 8:20:10,2026-06-16 오후 8:20:10,C:\Users\joobs\Downloads,옥천학원수정.dwg,2026-06-16 오후 8:15:29,43832,색상_1,,,,(0),(0),(0),,,,0.0000,,,,1586.5043,,,,,,,,,,ByLayer,,,,,,,,,,,,291134.6665,,219,,,,,77718.4128,58233.8799,0.0000,,,,,,,,,,,,,1010.0000,90
1,선,,,ZST-1,joobs,,빨간색,도면층별,ByLayer,1.0000,,,,,,,,89,,,,,2026-06-16 오후 8:20:10,2026-06-16 오후 8:20:10,C:\Users\joobs\Downloads,옥천학원수정.dwg,2026-06-16 오후 8:15:29,43832,색상_1,,,,(0),(0),(0),,,,0.0000,,,219,3790.0000,78357.6145,57451.8817,0.0000,-2934.4290,-2398.5884,0.0000,81292.0435,59850.4701,0.0000,ByLayer,,,,,,,,,,,,,,,,,,,,,,,,,,,,,,,,,,,
1,선,,,ZST-1,joobs,,빨간색,도면층별,ByLayer,1.0000,,,,,,,,89,,,,,2026-06-16 오후 8:20:10,2026-06-16 오후 8:20:10,C:\Users\joobs\Downloads,옥천학원수정.dwg,2026-06-16 오후 8:15:29,43832,색상_1,,,,(0),(0),(0),,,,0.0000,,,129,3000.0000,81292.0435,59850.4701,0.0000,-1898.6188,2322.7670,0.0000,83190.6623,57527.7031,0.0000,ByLayer,,,,,,,,,,,,,,,,,,,,,,,,,,,,,,,,,,,
1,선,,,ZST-1,joobs,,빨간색,도면층별,ByLayer,1.0000,,,,,,,,89,,,,,2026-06-16 오후 8:20:10,2026-06-16 오후 8:20:10,C:\Users\joobs\Downloads,옥천학원수정.dwg,2026-06-16 오후 8:15:29,43832,색상_1,,,,(0),(0),(0),,,,0.0000,,,39,3790.0000,81292.0435,59850.4701,0.0000,2934.4290,2398.5884,0.0000,78357.6145,57451.8817,0.0000,ByLayer,,,,,,,,,,,,,,,,,,,,,,,,,,,,,,,,,,,
1,선,,,ZST-1,joobs,,빨간색,도면층별,ByLayer,1.0000,,,,,,,,89,,,,,2026-06-16 오후 8:20:10,2026-06-16 오후 8:20:10,C:\Users\joobs\Downloads,옥천학원수정.dwg,2026-06-16 오후 8:15:29,43832,색상_1,,,,(0),(0),(0),,,,0.0000,,,39,3790.0000,83190.6623,57527.7031,0.0000,2934.4290,2398.5884,0.0000,80256.2333,55129.1147,0.0000,ByLayer,,,,,,,,,,,,,,,,,,,,,,,,,,,,,,,,,,,
1,선,,,0,joobs,,빨간색,도면층별,ByLayer,1.0000,,,,,,,,89,,,,,2026-06-16 오후 8:20:10,2026-06-16 오후 8:20:10,C:\Users\joobs\Downloads,옥천학원수정.dwg,2026-06-16 오후 8:15:29,43832,색상_1,,,,(0),(0),(0),,,,0.0000,,,90,480.0000,102424.7209,50596.5860,0.0000,0.0000,480.0000,0.0000,102424.7209,50116.5860,0.0000,ByLayer,,,,,,,,,,,,,,,,,,,,,,,,,,,,,,,,,,,
1,선,,,ZST,joobs,,빨간색,도면층별,ByLayer,1.0000,,,,,,,,89,,,,,2026-06-16 오후 8:20:10,2026-06-16 오후 8:20:10,C:\Users\joobs\Downloads,옥천학원수정.dwg,2026-06-16 오후 8:15:29,43832,색상_1,,,,(0),(0),(0),,,,0.0000,,,39,4150.0000,83697.2286,57476.8053,0.0000,3213.1611,2626.4226,0.0000,80484.0675,54850.3826,0.0000,ByLayer,,,,,,,,,,,,,,,,,,,,,,,,,,,,,,,,,,,
1,타원,,,ZST-1,joobs,,빨간색,도면층별,ByLayer,1.0000,,,,,,,,89,,,,,2026-06-16 오후 8:20:10,2026-06-16 오후 8:20:10,C:\Users\joobs\Downloads,옥천학원수정.dwg,2026-06-16 오후 8:15:29,43832,색상_1,,,,(0),(0),(0),,,,,,,,,,,,,,,,,,,,,,,,,,1010.0000,-714.1778,-714.1778,0.0000,291134.6645,1.0000,135,1010.0000,-714.1778,714.1778,0.0000,101414.7209,50116.5860,0.0000,,,,,,,,,,,,,,
1,호,,,ZST,joobs,,빨간색,도면층별,ByLayer,1.0000,,,,,,,,89,,,,,2026-06-16 오후 8:20:10,2026-06-16 오후 8:20:10,C:\Users\joobs\Downloads,옥천학원수정.dwg,2026-06-16 오후 8:15:29,43832,색상_1,,,,(0),(0),(0),,,,0.0000,,,,1021.0176,,,,,,,,,,ByLayer,,,,,,,,,,,,120580.7240,,129,,,,,80895.4349,54347.1164,0.0000,,,,,,,,,,,,,650.0000,90
1,선,,,ZST,joobs,,빨간색,도면층별,ByLayer,1.0000,,,,,,,,89,,,,,2026-06-16 오후 8:20:10,2026-06-16 오후 8:20:10,C:\Users\joobs\Downloads,옥천학원수정.dwg,2026-06-16 오후 8:15:29,43832,색상_1,,,,(0),(0),(0),,,,0.0000,,,219,4150.0000,78129.7802,57730.6137,0.0000,-3213.1611,-2626.4226,0.0000,81342.9413,60357.0364,0.0000,ByLayer,,,,,,,,,,,,,,,,,,,,,,,,,,,,,,,,,,,
1,선,,,0,joobs,,ByLayer,도면층별,ByLayer,1.0000,,,,,,,,89,,,,,2026-06-16 오후 8:20:10,2026-06-16 오후 8:20:10,C:\Users\joobs\Downloads,옥천학원수정.dwg,2026-06-16 오후 8:15:29,43832,ByLayer,,,,(0),(0),(0),,,,0.0000,,,270,10221.9172,92334.2887,32474.2353,0.0000,0.0000,-10221.9172,0.0000,92334.2887,42696.1525,0.0000,ByLayer,,,,,,,,,,,,,,,,,,,,,,,,,,,,,,,,,,,
1,선,,,0,joobs,,ByLayer,도면층별,ByLayer,1.0000,,,,,,,,89,,,,,2026-06-16 오후 8:20:10,2026-06-16 오후 8:20:10,C:\Users\joobs\Downloads,옥천학원수정.dwg,2026-06-16 오후 8:15:29,43832,ByLayer,,,,(0),(0),(0),,,,0.0000,,,0,3469.9471,134440.3325,69588.0798,0.0000,3469.9471,0.0000,0.0000,130970.3854,69588.0798,0.0000,ByLayer,,,,,,,,,,,,,,,,,,,,,,,,,,,,,,,,,,,
1,선,,,0,joobs,,ByLayer,도면층별,ByLayer,1.0000,,,,,,,,89,,,,,2026-06-16 오후 8:20:10,2026-06-16 오후 8:20:10,C:\Users\joobs\Downloads,옥천학원수정.dwg,2026-06-16 오후 8:15:29,43832,ByLayer,,,,(0),(0),(0),,,,0.0000,,,90,7066.2434,92334.2887,96594.3232,0.0000,0.0000,7066.2434,0.0000,92334.2887,89528.0798,0.0000,ByLayer,,,,,,,,,,,,,,,,,,,,,,,,,,,,,,,,,,,
1,선,,,0,joobs,,ByLayer,도면층별,ByLayer,1.0000,,,,,,,,89,,,,,2026-06-16 오후 8:20:10,2026-06-16 오후 8:20:10,C:\Users\joobs\Downloads,옥천학원수정.dwg,2026-06-16 오후 8:15:29,43832,ByLayer,,,,(0),(0),(0),,,,0.0000,,,180,14645.2803,53689.0084,69588.0798,0.0000,-14645.2803,0.0000,0.0000,68334.2887,69588.0798,0.0000,ByLayer,,,,,,,,,,,,,,,,,,,,,,,,,,,,,,,,,,,
1,선,,,PAINT,joobs,,ByLayer,ByLayer,ByLayer,1.0000,,,,,,,,89,,,,,2026-06-16 오후 8:20:10,2026-06-16 오후 8:20:10,C:\Users\joobs\Downloads,옥천학원수정.dwg,2026-06-16 오후 8:15:29,43832,ByLayer,,,,(0),(0),(0),,,,0.0000,,,0,30986.0967,130970.3854,69588.0798,0.0000,30986.0967,0.0000,0.0000,99984.2887,69588.0798,0.0000,ByLayer,,,,,,,,,,,,,,,,,,,,,,,,,,,,,,,,,,,
1,선,,,PAINT,joobs,,ByLayer,ByLayer,ByLayer,1.0000,,,,,,,,89,,,,,2026-06-16 오후 8:20:10,2026-06-16 오후 8:20:10,C:\Users\joobs\Downloads,옥천학원수정.dwg,2026-06-16 오후 8:15:29,43832,ByLayer,,,,(0),(0),(0),,,,0.0000,,,90,19241.9273,92334.2887,42696.1525,0.0000,0.0000,-19241.9273,0.0000,92334.2887,61938.0798,0.0000,ByLayer,,,,,,,,,,,,,,,,,,,,,,,,,,,,,,,,,,,
1,선,,,0,joobs,,ByLayer,ByLayer,ByLayer,1.0000,,,,,,,,89,,,,,2026-06-16 오후 8:20:10,2026-06-16 오후 8:20:10,C:\Users\joobs\Downloads,옥천학원수정.dwg,2026-06-16 오후 8:15:29,43832,ByLayer,,,,(0),(0),(0),,,,0.0000,,,0,0.0000,92334.2887,69588.0798,0.0000,0.0000,0.0000,0.0000,92334.2887,69588.0798,0.0000,ByLayer,,,,,,,,,,,,,,,,,,,,,,,,,,,,,,,,,,,
1,선,,,PAINT,joobs,,ByLayer,ByLayer,ByLayer,1.0000,,,,,,,,89,,,,,2026-06-16 오후 8:20:10,2026-06-16 오후 8:20:10,C:\Users\joobs\Downloads,옥천학원수정.dwg,2026-06-16 오후 8:15:29,43832,ByLayer,,,,(0),(0),(0),,,,0.0000,,,0,16350.0000,84684.2887,69588.0798,0.0000,16350.0000,0.0000,0.0000,68334.2887,69588.0798,0.0000,ByLayer,,,,,,,,,,,,,,,,,,,,,,,,,,,,,,,,,,,
1,선,,,PAINT,joobs,,ByLayer,ByLayer,ByLayer,1.0000,,,,,,,,89,,,,,2026-06-16 오후 8:20:10,2026-06-16 오후 8:20:10,C:\Users\joobs\Downloads,옥천학원수정.dwg,2026-06-16 오후 8:15:29,43832,ByLayer,,,,(0),(0),(0),,,,0.0000,,,90,12290.0000,92334.2887,89528.0798,0.0000,0.0000,12290.0000,0.0000,92334.2887,77238.0798,0.0000,ByLayer,,,,,,,,,,,,,,,,,,,,,,,,,,,,,,,,,,,
1,교차로,1.0000,,0,joobs,밀리미터,ByLayer,도면층별,ByLayer,1.0000,59599.3705,15656.6116,0.0000,,,,,89,1.0000,1.0000,1.0000,,2026-06-16 오후 8:20:10,2026-06-16 오후 8:20:10,C:\Users\joobs\Downloads,옥천학원수정.dwg,2026-06-16 오후 8:15:29,43832,ByLayer,,,0,(0),(0),(0),,,,,,,,,,,,,,,,,,,,,,,,,,,,,,,,,,,,,,,,,,,,,,,,,,,,,
1,선,,,TSZ-1,joobs,,ByBlock,도면층별,ByLayer,1.0000,,,,,,,,89,,,,,2026-06-16 오후 8:20:10,2026-06-16 오후 8:20:10,C:\Users\joobs\Downloads,옥천학원수정.dwg,2026-06-16 오후 8:15:29,43832,ByBlock,,,,(0),(0),(0),,,,0.0000,,,0,4500.0000,72196.2887,78308.0798,0.0000,4500.0000,0.0000,0.0000,67696.2887,78308.0798,0.0000,ByLayer,,,,,,,,,,,,,,,,,,,,,,,,,,,,,,,,,,,
1,선,,,TSZ-1,joobs,,ByBlock,도면층별,ByLayer,1.0000,,,,,,,,89,,,,,2026-06-16 오후 8:20:10,2026-06-16 오후 8:20:10,C:\Users\joobs\Downloads,옥천학원수정.dwg,2026-06-16 오후 8:15:29,43832,ByBlock,,,,(0),(0),(0),,,,0.0000,,,90,13500.0000,73676.2887,93288.0798,0.0000,0.0000,13500.0000,0.0000,73676.2887,79788.0798,0.0000,ByLayer,,,,,,,,,,,,,,,,,,,,,,,,,,,,,,,,,,,
1,선,,,TSZ-1,joobs,,ByBlock,도면층별,ByLayer,1.0000,,,,,,,,89,,,,,2026-06-16 오후 8:20:10,2026-06-16 오후 8:20:10,C:\Users\joobs\Downloads,옥천학원수정.dwg,2026-06-16 오후 8:15:29,43832,ByBlock,,,,(0),(0),(0),,,,0.0000,,,0,4500.0000,84396.2887,88568.0798,0.0000,4500.0000,0.0000,0.0000,79896.2887,88568.0798,0.0000,ByLayer,,,,,,,,,,,,,,,,,,,,,,,,,,,,,,,,,,,
1,선,,,TSZ-1,joobs,,ByBlock,도면층별,ByLayer,1.0000,,,,,,,,89,,,,,2026-06-16 오후 8:20:10,2026-06-16 오후 8:20:10,C:\Users\joobs\Downloads,옥천학원수정.dwg,2026-06-16 오후 8:15:29,43832,ByBlock,,,,(0),(0),(0),,,,0.0000,,,90,13500.0000,78416.2887,87088.0798,0.0000,0.0000,13500.0000,0.0000,78416.2887,73588.0798,0.0000,ByLayer,,,,,,,,,,,,,,,,,,,,,,,,,,,,,,,,,,,
1,호,,,DIM,joobs,,ByBlock,도면층별,ByLayer,1.0000,,,,,,,,89,,,,,2026-06-16 오후 8:20:10,2026-06-16 오후 8:20:10,C:\Users\joobs\Downloads,옥천학원수정.dwg,2026-06-16 오후 8:15:29,43832,ByBlock,,,,(0),(0),(0),,,,0.0000,,,,17278.7596,,,,,,,,,,ByLayer,,,,,,,,,,,,34533177.7710,,90,,,,,53689.0015,62088.0798,0.0000,,,,,,,,,,,,,11000.0000,90
1,점,,,Defpoints,joobs,,ByBlock,도면층별,ByBlock,1.0000,74816.5582,60756.9416,0.0000,,,,,89,,,,,2026-06-16 오후 8:20:10,2026-06-16 오후 8:20:10,C:\Users\joobs\Downloads,옥천학원수정.dwg,2026-06-16 오후 8:15:29,43832,ByBlock,,,,(0),(0),(0),,,,0.0000,,,,,,,,,,,,,,,,,,,,,,,,,,,,,,,,,,,,,,,,,,,,,,,,,
1,호,,,ZST,joobs,,빨간색,도면층별,ByLayer,1.0000,,,,,,,,89,,,,,2026-06-16 오후 8:20:10,2026-06-16 오후 8:20:10,C:\Users\joobs\Downloads,옥천학원수정.dwg,2026-06-16 오후 8:15:29,43832,색상_1,,,,(0),(0),(0),,,,0.0000,,,,1021.0176,,,,,,,,,,ByLayer,,,,,,,,,,,,120580.7240,,219,,,,,77718.4128,58233.8799,0.0000,,,,,,,,,,,,,650.0000,90
1,점,,,Defpoints,joobs,,빨간색,도면층별,ByBlock,1.0000,83697.2286,57476.8053,0.0000,,,,,89,,,,,2026-06-16 오후 8:20:10,2026-06-16 오후 8:20:10,C:\Users\joobs\Downloads,옥천학원수정.dwg,2026-06-16 오후 8:15:29,43832,색상_1,,,,(0),(0),(0),,,,0.0000,,,,,,,,,,,,,,,,,,,,,,,,,,,,,,,,,,,,,,,,,,,,,,,,,
1,선,,,ZST-1,joobs,,빨간색,도면층별,ByLayer,1.0000,,,,,,,,89,,,,,2026-06-16 오후 8:20:10,2026-06-16 오후 8:20:10,C:\Users\joobs\Downloads,옥천학원수정.dwg,2026-06-16 오후 8:15:29,43832,색상_1,,,,(0),(0),(0),,,,0.0000,,,0,3790.0000,101414.7209,49106.5860,0.0000,3790.0000,0.0000,0.0000,97624.7209,49106.5860,0.0000,ByLayer,,,,,,,,,,,,,,,,,,,,,,,,,,,,,,,,,,,
1,호,,,0,joobs,,ByBlock,도면층별,ByLayer,1.0000,,,,,,,,89,,,,,2026-06-16 오후 8:20:10,2026-06-16 오후 8:20:10,C:\Users\joobs\Downloads,옥천학원수정.dwg,2026-06-16 오후 8:15:29,43832,ByBlock,,,,(0),(0),(0),,,,0.0000,,,,4512.1090,,,,,,,,,,ByLayer,,,,,,,,,,,,2963597.6472,,90,,,,,74676.8277,64088.0798,0.0000,,,,,,,,,,,,,2000.0000,129
1,호,,,0,joobs,,ByBlock,도면층별,ByLayer,1.0000,,,,,,,,89,,,,,2026-06-16 오후 8:20:10,2026-06-16 오후 8:20:10,C:\Users\joobs\Downloads,옥천학원수정.dwg,2026-06-16 오후 8:15:29,43832,ByBlock,,,,(0),(0),(0),,,,0.0000,,,,1771.0763,,,,,,,,,,ByLayer,,,,,,,,,,,,222564.9405,,39,,,,,64086.0109,64088.0798,0.0000,,,,,,,,,,,,,2000.0000,51
1,점,,,0,joobs,,ByBlock,도면층별,ByLayer,1.0000,87140.7286,96594.3232,0.0000,,,,,89,,,,,2026-06-16 오후 8:20:10,2026-06-16 오후 8:20:10,C:\Users\joobs\Downloads,옥천학원수정.dwg,2026-06-16 오후 8:15:29,43832,ByBlock,,,,(0),(0),(0),,,,0.0000,,,,,,,,,,,,,,,,,,,,,,,,,,,,,,,,,,,,,,,,,,,,,,,,,
1,점,,,0,joobs,,ByBlock,도면층별,ByLayer,1.0000,83140.7286,96594.3232,0.0000,,,,,89,,,,,2026-06-16 오후 8:20:10,2026-06-16 오후 8:20:10,C:\Users\joobs\Downloads,옥천학원수정.dwg,2026-06-16 오후 8:15:29,43832,ByBlock,,,,(0),(0),(0),,,,0.0000,,,,,,,,,,,,,,,,,,,,,,,,,,,,,,,,,,,,,,,,,,,,,,,,,
1,점,,,0,joobs,,ByBlock,도면층별,ByLayer,1.0000,87140.7286,103594.3232,0.0000,,,,,89,,,,,2026-06-16 오후 8:20:10,2026-06-16 오후 8:20:10,C:\Users\joobs\Downloads,옥천학원수정.dwg,2026-06-16 오후 8:15:29,43832,ByBlock,,,,(0),(0),(0),,,,0.0000,,,,,,,,,,,,,,,,,,,,,,,,,,,,,,,,,,,,,,,,,,,,,,,,,
1,점,,,0,joobs,,ByBlock,도면층별,ByLayer,1.0000,83140.7286,103594.3232,0.0000,,,,,89,,,,,2026-06-16 오후 8:20:10,2026-06-16 오후 8:20:10,C:\Users\joobs\Downloads,옥천학원수정.dwg,2026-06-16 오후 8:15:29,43832,ByBlock,,,,(0),(0),(0),,,,0.0000,,,,,,,,,,,,,,,,,,,,,,,,,,,,,,,,,,,,,,,,,,,,,,,,,
1,점,,,0,joobs,,ByBlock,도면층별,ByLayer,1.0000,67140.7286,103594.3232,0.0000,,,,,89,,,,,2026-06-16 오후 8:20:10,2026-06-16 오후 8:20:10,C:\Users\joobs\Downloads,옥천학원수정.dwg,2026-06-16 오후 8:15:29,43832,ByBlock,,,,(0),(0),(0),,,,0.0000,,,,,,,,,,,,,,,,,,,,,,,,,,,,,,,,,,,,,,,,,,,,,,,,,
1,점,,,0,joobs,,ByBlock,도면층별,ByLayer,1.0000,67140.7286,96594.3232,0.0000,,,,,89,,,,,2026-06-16 오후 8:20:10,2026-06-16 오후 8:20:10,C:\Users\joobs\Downloads,옥천학원수정.dwg,2026-06-16 오후 8:15:29,43832,ByBlock,,,,(0),(0),(0),,,,0.0000,,,,,,,,,,,,,,,,,,,,,,,,,,,,,,,,,,,,,,,,,,,,,,,,,
1,점,,,0,joobs,,ByBlock,도면층별,ByLayer,1.0000,56689.0015,69588.0798,0.0000,,,,,89,,,,,2026-06-16 오후 8:20:10,2026-06-16 오후 8:20:10,C:\Users\joobs\Downloads,옥천학원수정.dwg,2026-06-16 오후 8:15:29,43832,ByBlock,,,,(0),(0),(0),,,,0.0000,,,,,,,,,,,,,,,,,,,,,,,,,,,,,,,,,,,,,,,,,,,,,,,,,
1,점,,,0,joobs,,ByBlock,도면층별,ByLayer,1.0000,92334.2887,96594.3232,0.0000,,,,,89,,,,,2026-06-16 오후 8:20:10,2026-06-16 오후 8:20:10,C:\Users\joobs\Downloads,옥천학원수정.dwg,2026-06-16 오후 8:15:29,43832,ByBlock,,,,(0),(0),(0),,,,0.0000,,,,,,,,,,,,,,,,,,,,,,,,,,,,,,,,,,,,,,,,,,,,,,,,,
1,점,,,0,joobs,,ByBlock,도면층별,ByLayer,1.0000,134440.3394,69588.0798,0.0000,,,,,89,,,,,2026-06-16 오후 8:20:10,2026-06-16 오후 8:20:10,C:\Users\joobs\Downloads,옥천학원수정.dwg,2026-06-16 오후 8:15:29,43832,ByBlock,,,,(0),(0),(0),,,,0.0000,,,,,,,,,,,,,,,,,,,,,,,,,,,,,,,,,,,,,,,,,,,,,,,,,
1,점,,,0,joobs,,ByBlock,도면층별,ByLayer,1.0000,98734.2887,79188.0798,0.0000,,,,,89,,,,,2026-06-16 오후 8:20:10,2026-06-16 오후 8:20:10,C:\Users\joobs\Downloads,옥천학원수정.dwg,2026-06-16 오후 8:15:29,43832,ByBlock,,,,(0),(0),(0),,,,0.0000,,,,,,,,,,,,,,,,,,,,,,,,,,,,,,,,,,,,,,,,,,,,,,,,,
1,점,,,0,joobs,,ByBlock,도면층별,ByLayer,1.0000,106834.2887,79188.0798,0.0000,,,,,89,,,,,2026-06-16 오후 8:20:10,2026-06-16 오후 8:20:10,C:\Users\joobs\Downloads,옥천학원수정.dwg,2026-06-16 오후 8:15:29,43832,ByBlock,,,,(0),(0),(0),,,,0.0000,,,,,,,,,,,,,,,,,,,,,,,,,,,,,,,,,,,,,,,,,,,,,,,,,
1,점,,,0,joobs,,ByBlock,도면층별,ByLayer,1.0000,115934.2887,75588.0798,0.0000,,,,,89,,,,,2026-06-16 오후 8:20:10,2026-06-16 오후 8:20:10,C:\Users\joobs\Downloads,옥천학원수정.dwg,2026-06-16 오후 8:15:29,43832,ByBlock,,,,(0),(0),(0),,,,0.0000,,,,,,,,,,,,,,,,,,,,,,,,,,,,,,,,,,,,,,,,,,,,,,,,,
1,점,,,0,joobs,,ByBlock,도면층별,ByLayer,1.0000,107834.2887,75588.0798,0.0000,,,,,89,,,,,2026-06-16 오후 8:20:10,2026-06-16 오후 8:20:10,C:\Users\joobs\Downloads,옥천학원수정.dwg,2026-06-16 오후 8:15:29,43832,ByBlock,,,,(0),(0),(0),,,,0.0000,,,,,,,,,,,,,,,,,,,,,,,,,,,,,,,,,,,,,,,,,,,,,,,,,
1,점,,,0,joobs,,ByBlock,도면층별,ByLayer,1.0000,143734.2887,75588.0798,0.0000,,,,,89,,,,,2026-06-16 오후 8:20:10,2026-06-16 오후 8:20:10,C:\Users\joobs\Downloads,옥천학원수정.dwg,2026-06-16 오후 8:15:29,43832,ByBlock,,,,(0),(0),(0),,,,0.0000,,,,,,,,,,,,,,,,,,,,,,,,,,,,,,,,,,,,,,,,,,,,,,,,,
1,점,,,0,joobs,,ByBlock,도면층별,ByLayer,1.0000,127934.2887,75588.0798,0.0000,,,,,89,,,,,2026-06-16 오후 8:20:10,2026-06-16 오후 8:20:10,C:\Users\joobs\Downloads,옥천학원수정.dwg,2026-06-16 오후 8:15:29,43832,ByBlock,,,,(0),(0),(0),,,,0.0000,,,,,,,,,,,,,,,,,,,,,,,,,,,,,,,,,,,,,,,,,,,,,,,,,
1,점,,,0,joobs,,ByBlock,도면층별,ByLayer,1.0000,143734.2887,79488.0798,0.0000,,,,,89,,,,,2026-06-16 오후 8:20:10,2026-06-16 오후 8:20:10,C:\Users\joobs\Downloads,옥천학원수정.dwg,2026-06-16 오후 8:15:29,43832,ByBlock,,,,(0),(0),(0),,,,0.0000,,,,,,,,,,,,,,,,,,,,,,,,,,,,,,,,,,,,,,,,,,,,,,,,,
1,점,,,0,joobs,,ByBlock,도면층별,ByLayer,1.0000,127934.2887,79488.0798,0.0000,,,,,89,,,,,2026-06-16 오후 8:20:10,2026-06-16 오후 8:20:10,C:\Users\joobs\Downloads,옥천학원수정.dwg,2026-06-16 오후 8:15:29,43832,ByBlock,,,,(0),(0),(0),,,,0.0000,,,,,,,,,,,,,,,,,,,,,,,,,,,,,,,,,,,,,,,,,,,,,,,,,
1,점,,,0,joobs,,ByBlock,도면층별,ByLayer,1.0000,99140.7286,103594.3232,0.0000,,,,,89,,,,,2026-06-16 오후 8:20:10,2026-06-16 오후 8:20:10,C:\Users\joobs\Downloads,옥천학원수정.dwg,2026-06-16 오후 8:15:29,43832,ByBlock,,,,(0),(0),(0),,,,0.0000,,,,,,,,,,,,,,,,,,,,,,,,,,,,,,,,,,,,,,,,,,,,,,,,,
1,점,,,0,joobs,,ByBlock,도면층별,ByLayer,1.0000,99140.7286,96594.3232,0.0000,,,,,89,,,,,2026-06-16 오후 8:20:10,2026-06-16 오후 8:20:10,C:\Users\joobs\Downloads,옥천학원수정.dwg,2026-06-16 오후 8:15:29,43832,ByBlock,,,,(0),(0),(0),,,,0.0000,,,,,,,,,,,,,,,,,,,,,,,,,,,,,,,,,,,,,,,,,,,,,,,,,
1,점,,,0,joobs,,ByBlock,도면층별,ByLayer,1.0000,145928.6511,75588.0798,0.0000,,,,,89,,,,,2026-06-16 오후 8:20:10,2026-06-16 오후 8:20:10,C:\Users\joobs\Downloads,옥천학원수정.dwg,2026-06-16 오후 8:15:29,43832,ByBlock,,,,(0),(0),(0),,,,0.0000,,,,,,,,,,,,,,,,,,,,,,,,,,,,,,,,,,,,,,,,,,,,,,,,,
1,선,,,0,joobs,,ByBlock,도면층별,ByLayer,1.0000,,,,,,,,89,,,,,2026-06-16 오후 8:20:10,2026-06-16 오후 8:20:10,C:\Users\joobs\Downloads,옥천학원수정.dwg,2026-06-16 오후 8:15:29,43832,ByBlock,,,,(0),(0),(0),,,,0.0000,,,180,6993.9436,42489.0015,44274.2353,0.0000,-6993.9436,0.0000,0.0000,49482.9451,44274.2353,0.0000,ByLayer,,,,,,,,,,,,,,,,,,,,,,,,,,,,,,,,,,,
1,선,,,0,joobs,,ByBlock,도면층별,ByLayer,1.0000,,,,,,,,89,,,,,2026-06-16 오후 8:20:10,2026-06-16 오후 8:20:10,C:\Users\joobs\Downloads,옥천학원수정.dwg,2026-06-16 오후 8:15:29,43832,ByBlock,,,,(0),(0),(0),,,,0.0000,,,129,9370.2256,65634.5223,65353.8256,0.0000,-5930.1621,7254.9504,0.0000,71564.6844,58098.8753,0.0000,ByLayer,,,,,,,,,,,,,,,,,,,,,,,,,,,,,,,,,,,
1,선,,,0,joobs,,ByBlock,도면층별,ByLayer,1.0000,,,,,,,,89,,,,,2026-06-16 오후 8:20:10,2026-06-16 오후 8:20:10,C:\Users\joobs\Downloads,옥천학원수정.dwg,2026-06-16 오후 8:15:29,43832,ByBlock,,,,(0),(0),(0),,,,0.0000,,,129,2667.5844,73128.3163,62822.3339,0.0000,-1688.2419,2065.3924,0.0000,74816.5582,60756.9416,0.0000,ByLayer,,,,,,,,,,,,,,,,,,,,,,,,,,,,,,,,,,,
1,호,,,0,joobs,,ByBlock,도면층별,ByLayer,1.0000,,,,,,,,89,,,,,2026-06-16 오후 8:20:10,2026-06-16 오후 8:20:10,C:\Users\joobs\Downloads,옥천학원수정.dwg,2026-06-16 오후 8:15:29,43832,ByBlock,,,,(0),(0),(0),,,,0.0000,,,,3625.2224,,,,,,,,,,ByLayer,,,,,,,,,,,,952597.3361,,90,,,,,62992.1427,62088.0798,0.0000,,,,,,,,,,,,,4000.0000,52
1,호,,,0,joobs,,ByLayer,도면층별,ByLayer,1.0000,,,,,,,,89,,,,,2026-06-16 오후 8:20:10,2026-06-16 오후 8:20:10,C:\Users\joobs\Downloads,옥천학원수정.dwg,2026-06-16 오후 8:15:29,43832,ByLayer,,,,(0),(0),(0),,,,0.0000,,,,6283.1853,,,,,,,,,,ByLayer,,,,,,,,,,,,4566370.6144,,270,,,,,84834.2887,44223.9554,0.0000,,,,,,,,,,,,,4000.0000,90
1,선,,,0,joobs,,ByBlock,도면층별,ByLayer,1.0000,,,,,,,,89,,,,,2026-06-16 오후 8:20:10,2026-06-16 오후 8:20:10,C:\Users\joobs\Downloads,옥천학원수정.dwg,2026-06-16 오후 8:15:29,43832,ByBlock,,,,(0),(0),(0),,,,0.0000,,,0,7072.2872,84834.2887,40223.9554,0.0000,7072.2872,0.0000,0.0000,77762.0015,40223.9554,0.0000,ByLayer,,,,,,,,,,,,,,,,,,,,,,,,,,,,,,,,,,,
1,선,,,0,joobs,,ByBlock,도면층별,ByLayer,1.0000,,,,,,,,89,,,,,2026-06-16 오후 8:20:10,2026-06-16 오후 8:20:10,C:\Users\joobs\Downloads,옥천학원수정.dwg,2026-06-16 오후 8:15:29,43832,ByBlock,,,,(0),(0),(0),,,,0.0000,,,0,8157.4611,82834.2887,66088.0798,0.0000,8157.4611,0.0000,0.0000,74676.8277,66088.0798,0.0000,ByLayer,,,,,,,,,,,,,,,,,,,,,,,,,,,,,,,,,,,
1,선,,,0,joobs,,ByBlock,도면층별,ByLayer,1.0000,,,,,,,,89,,,,,2026-06-16 오후 8:20:10,2026-06-16 오후 8:20:10,C:\Users\joobs\Downloads,옥천학원수정.dwg,2026-06-16 오후 8:15:29,43832,ByBlock,,,,(0),(0),(0),,,,0.0000,,,180,1093.8682,62992.1427,66088.0798,0.0000,-1093.8682,0.0000,0.0000,64086.0109,66088.0798,0.0000,ByLayer,,,,,,,,,,,,,,,,,,,,,,,,,,,,,,,,,,,
1,선,,,0,joobs,,ByBlock,도면층별,ByLayer,1.0000,,,,,,,,89,,,,,2026-06-16 오후 8:20:10,2026-06-16 오후 8:20:10,C:\Users\joobs\Downloads,옥천학원수정.dwg,2026-06-16 오후 8:15:29,43832,ByBlock,,,,(0),(0),(0),,,,0.0000,,,52,5883.0916,59843.2190,64554.7130,0.0000,3627.8572,4631.3517,0.0000,56215.3617,59923.3612,0.0000,ByLayer,,,,,,,,,,,,,,,,,,,,,,,,,,,,,,,,,,,
1,선,,,DIM,joobs,,ByBlock,도면층별,ByLayer,1.0000,,,,,,,,89,,,,,2026-06-16 오후 8:20:10,2026-06-16 오후 8:20:10,C:\Users\joobs\Downloads,옥천학원수정.dwg,2026-06-16 오후 8:15:29,43832,ByBlock,,,,(0),(0),(0),,,,0.0000,,,180,1032.2317,66664.0570,78788.0798,0.0000,-1032.2317,0.0000,0.0000,67696.2887,78788.0798,0.0000,ByLayer,,,,,,,,,,,,,,,,,,,,,,,,,,,,,,,,,,,
1,선,,,TSZ,joobs,,ByBlock,도면층별,ByLayer,1.0000,,,,,,,,89,,,,,2026-06-16 오후 8:20:10,2026-06-16 오후 8:20:10,C:\Users\joobs\Downloads,옥천학원수정.dwg,2026-06-16 오후 8:15:29,43832,ByBlock,,,,(0),(0),(0),,,,0.0000,,,263,3970.8167,51326.9667,61696.3795,0.0000,-511.2485,-3937.7671,0.0000,51838.2151,65634.1466,0.0000,ByLayer,,,,,,,,,,,,,,,,,,,,,,,,,,,,,,,,,,,
1,점,,,0,joobs,,ByBlock,도면층별,ByLayer,1.0000,61197.7644,58116.2465,0.0000,,,,,89,,,,,2026-06-16 오후 8:20:10,2026-06-16 오후 8:20:10,C:\Users\joobs\Downloads,옥천학원수정.dwg,2026-06-16 오후 8:15:29,43832,ByBlock,,,,(0),(0),(0),,,,0.0000,,,,,,,,,,,,,,,,,,,,,,,,,,,,,,,,,,,,,,,,,,,,,,,,,
1,점,,,0,joobs,,ByBlock,도면층별,ByLayer,1.0000,42689.0015,44274.2353,0.0000,,,,,89,,,,,2026-06-16 오후 8:20:10,2026-06-16 오후 8:20:10,C:\Users\joobs\Downloads,옥천학원수정.dwg,2026-06-16 오후 8:15:29,43832,ByBlock,,,,(0),(0),(0),,,,0.0000,,,,,,,,,,,,,,,,,,,,,,,,,,,,,,,,,,,,,,,,,,,,,,,,,
1,점,,,0,joobs,,ByBlock,도면층별,ByLayer,1.0000,42689.0015,41974.2353,0.0000,,,,,89,,,,,2026-06-16 오후 8:20:10,2026-06-16 오후 8:20:10,C:\Users\joobs\Downloads,옥천학원수정.dwg,2026-06-16 오후 8:15:29,43832,ByBlock,,,,(0),(0),(0),,,,0.0000,,,,,,,,,,,,,,,,,,,,,,,,,,,,,,,,,,,,,,,,,,,,,,,,,
1,점,,,0,joobs,,ByBlock,도면층별,ByLayer,1.0000,49689.0015,41974.2353,0.0000,,,,,89,,,,,2026-06-16 오후 8:20:10,2026-06-16 오후 8:20:10,C:\Users\joobs\Downloads,옥천학원수정.dwg,2026-06-16 오후 8:15:29,43832,ByBlock,,,,(0),(0),(0),,,,0.0000,,,,,,,,,,,,,,,,,,,,,,,,,,,,,,,,,,,,,,,,,,,,,,,,,
1,점,,,0,joobs,,ByBlock,도면층별,ByLayer,1.0000,49689.0015,44274.2353,0.0000,,,,,89,,,,,2026-06-16 오후 8:20:10,2026-06-16 오후 8:20:10,C:\Users\joobs\Downloads,옥천학원수정.dwg,2026-06-16 오후 8:15:29,43832,ByBlock,,,,(0),(0),(0),,,,0.0000,,,,,,,,,,,,,,,,,,,,,,,,,,,,,,,,,,,,,,,,,,,,,,,,,
1,선,,,0,joobs,,ByBlock,도면층별,ByLayer,1.0000,,,,,,,,89,,,,,2026-06-16 오후 8:20:10,2026-06-16 오후 8:20:10,C:\Users\joobs\Downloads,옥천학원수정.dwg,2026-06-16 오후 8:15:29,43832,ByBlock,,,,(0),(0),(0),,,,0.0000,,,180,7000.0000,42689.0015,41974.2353,0.0000,-7000.0000,0.0000,0.0000,49689.0015,41974.2353,0.0000,ByLayer,,,,,,,,,,,,,,,,,,,,,,,,,,,,,,,,,,,
1,선,,,0,joobs,,ByBlock,도면층별,ByLayer,1.0000,,,,,,,,89,,,,,2026-06-16 오후 8:20:10,2026-06-16 오후 8:20:10,C:\Users\joobs\Downloads,옥천학원수정.dwg,2026-06-16 오후 8:15:29,43832,ByBlock,,,,(0),(0),(0),,,,0.0000,,,0,206.0564,49689.0015,41974.2353,0.0000,206.0564,0.0000,0.0000,49482.9451,41974.2353,0.0000,ByLayer,,,,,,,,,,,,,,,,,,,,,,,,,,,,,,,,,,,
1,선,,,0,joobs,,ByBlock,도면층별,ByLayer,1.0000,,,,,,,,89,,,,,2026-06-16 오후 8:20:10,2026-06-16 오후 8:20:10,C:\Users\joobs\Downloads,옥천학원수정.dwg,2026-06-16 오후 8:15:29,43832,ByBlock,,,,(0),(0),(0),,,,0.0000,,,0,7200.0000,49689.0015,44274.2353,0.0000,7200.0000,0.0000,0.0000,42489.0015,44274.2353,0.0000,ByLayer,,,,,,,,,,,,,,,,,,,,,,,,,,,,,,,,,,,
1,점,,,0,joobs,,ByBlock,도면층별,ByLayer,1.0000,67891.2038,43804.0884,0.0000,,,,,89,,,,,2026-06-16 오후 8:20:10,2026-06-16 오후 8:20:10,C:\Users\joobs\Downloads,옥천학원수정.dwg,2026-06-16 오후 8:15:29,43832,ByBlock,,,,(0),(0),(0),,,,0.0000,,,,,,,,,,,,,,,,,,,,,,,,,,,,,,,,,,,,,,,,,,,,,,,,,
1,선,,,DIM,joobs,,ByBlock,도면층별,ByLayer,1.0000,,,,,,,,89,,,,,2026-06-16 오후 8:20:10,2026-06-16 오후 8:20:10,C:\Users\joobs\Downloads,옥천학원수정.dwg,2026-06-16 오후 8:15:29,43832,ByBlock,,,,(0),(0),(0),,,,0.0000,,,0,438.0000,84834.2887,88088.0798,0.0000,438.0000,0.0000,0.0000,84396.2887,88088.0798,0.0000,ByLayer,,,,,,,,,,,,,,,,,,,,,,,,,,,,,,,,,,,
1,폴리선,,,0,joobs,,ByBlock,도면층별,ByLayer,1.0000,,,,,,,,89,,,,,2026-06-16 오후 8:20:10,2026-06-16 오후 8:20:10,C:\Users\joobs\Downloads,옥천학원수정.dwg,2026-06-16 오후 8:15:29,43832,ByBlock,,,,(0),(0),(0),,,,0.0000,,,,5080.0000,,,,,,,,,,ByLayer,,,,,,,,,,,,552000.0001,,,,,,,,,,True,0.0000,,,,,,,,,,,,
1,선,,,DIM,joobs,,ByBlock,도면층별,ByLayer,1.0000,,,,,,,,89,,,,,2026-06-16 오후 8:20:10,2026-06-16 오후 8:20:10,C:\Users\joobs\Downloads,옥천학원수정.dwg,2026-06-16 오후 8:15:29,43832,ByBlock,,,,(0),(0),(0),,,,0.0000,,,180,2900.0000,95834.2887,79188.0798,0.0000,-2900.0000,0.0000,0.0000,98734.2887,79188.0798,0.0000,ByLayer,,,,,,,,,,,,,,,,,,,,,,,,,,,,,,,,,,,
1,선,,,TSZ,joobs,,ByBlock,도면층별,ByLayer,1.0000,,,,,,,,89,,,,,2026-06-16 오후 8:20:10,2026-06-16 오후 8:20:10,C:\Users\joobs\Downloads,옥천학원수정.dwg,2026-06-16 오후 8:15:29,43832,ByBlock,,,,(0),(0),(0),,,,0.0000,,,90,14000.0000,78896.2887,87088.0798,0.0000,0.0000,14000.0000,0.0000,78896.2887,73088.0798,0.0000,ByLayer,,,,,,,,,,,,,,,,,,,,,,,,,,,,,,,,,,,
1,선,,,TSZ,joobs,,ByBlock,도면층별,ByLayer,1.0000,,,,,,,,89,,,,,2026-06-16 오후 8:20:10,2026-06-16 오후 8:20:10,C:\Users\joobs\Downloads,옥천학원수정.dwg,2026-06-16 오후 8:15:29,43832,ByBlock,,,,(0),(0),(0),,,,0.0000,,,90,14000.0000,73196.2887,93788.0798,0.0000,0.0000,14000.0000,0.0000,73196.2887,79788.0798,0.0000,ByLayer,,,,,,,,,,,,,,,,,,,,,,,,,,,,,,,,,,,
1,호,,,TSZ-1,joobs,,ByBlock,도면층별,ByLayer,1.0000,,,,,,,,89,,,,,2026-06-16 오후 8:20:10,2026-06-16 오후 8:20:10,C:\Users\joobs\Downloads,옥천학원수정.dwg,2026-06-16 오후 8:15:29,43832,ByBlock,,,,(0),(0),(0),,,,0.0000,,,,2324.7786,,,,,,,,,,ByLayer,,,,,,,,,,,,625136.1371,,270,,,,,72196.2887,79788.0798,0.0000,,,,,,,,,,,,,1480.0000,90
1,선,,,TSZ-1,joobs,,ByBlock,도면층별,ByLayer,1.0000,,,,,,,,89,,,,,2026-06-16 오후 8:20:10,2026-06-16 오후 8:20:10,C:\Users\joobs\Downloads,옥천학원수정.dwg,2026-06-16 오후 8:15:29,43832,ByBlock,,,,(0),(0),(0),,,,0.0000,,,0,10700.0000,78396.2887,73568.0798,0.0000,10700.0000,0.0000,0.0000,67696.2887,73568.0798,0.0000,ByLayer,,,,,,,,,,,,,,,,,,,,,,,,,,,,,,,,,,,
1,호,,,TSZ-1,joobs,,ByBlock,도면층별,ByLayer,1.0000,,,,,,,,89,,,,,2026-06-16 오후 8:20:10,2026-06-16 오후 8:20:10,C:\Users\joobs\Downloads,옥천학원수정.dwg,2026-06-16 오후 8:15:29,43832,ByBlock,,,,(0),(0),(0),,,,0.0000,,,,2356.1945,,,,,,,,,,ByLayer,,,,,,,,,,,,642145.8676,,270,,,,,72196.2887,79788.0798,0.0000,,,,,,,,,,,,,1500.0000,90
1,선,,,TSZ-1,joobs,,ByBlock,도면층별,ByLayer,1.0000,,,,,,,,89,,,,,2026-06-16 오후 8:20:10,2026-06-16 오후 8:20:10,C:\Users\joobs\Downloads,옥천학원수정.dwg,2026-06-16 오후 8:15:29,43832,ByBlock,,,,(0),(0),(0),,,,0.0000,,,0,10700.0000,78396.2887,73588.0798,0.0000,10700.0000,0.0000,0.0000,67696.2887,73588.0798,0.0000,ByLayer,,,,,,,,,,,,,,,,,,,,,,,,,,,,,,,,,,,
1,선,,,TSZ,joobs,,ByBlock,도면층별,ByLayer,1.0000,,,,,,,,89,,,,,2026-06-16 오후 8:20:10,2026-06-16 오후 8:20:10,C:\Users\joobs\Downloads,옥천학원수정.dwg,2026-06-16 오후 8:15:29,43832,ByBlock,,,,(0),(0),(0),,,,0.0000,,,0,11200.0000,78896.2887,73088.0798,0.0000,11200.0000,0.0000,0.0000,67696.2887,73088.0798,0.0000,ByLayer,,,,,,,,,,,,,,,,,,,,,,,,,,,,,,,,,,,
1,호,,,TSZ,joobs,,ByBlock,도면층별,ByLayer,1.0000,,,,,,,,89,,,,,2026-06-16 오후 8:20:10,2026-06-16 오후 8:20:10,C:\Users\joobs\Downloads,옥천학원수정.dwg,2026-06-16 오후 8:15:29,43832,ByBlock,,,,(0),(0),(0),,,,0.0000,,,,1570.7963,,,,,,,,,,ByLayer,,,,,,,,,,,,285398.1634,,270,,,,,72196.2887,79788.0798,0.0000,,,,,,,,,,,,,1000.0000,90
1,호,,,DIM,joobs,,ByBlock,도면층별,ByLayer,1.0000,,,,,,,,89,,,,,2026-06-16 오후 8:20:10,2026-06-16 오후 8:20:10,C:\Users\joobs\Downloads,옥천학원수정.dwg,2026-06-16 오후 8:15:29,43832,ByBlock,,,,(0),(0),(0),,,,0.0000,,,,6283.1853,,,,,,,,,,ByLayer,,,,,,,,,,,,4566370.6143,,0,,,,,84834.2887,84088.0798,0.0000,,,,,,,,,,,,,4000.0000,90
1,선,,,DIM,joobs,,ByBlock,도면층별,ByLayer,1.0000,,,,,,,,89,,,,,2026-06-16 오후 8:20:10,2026-06-16 오후 8:20:10,C:\Users\joobs\Downloads,옥천학원수정.dwg,2026-06-16 오후 8:15:29,43832,ByBlock,,,,(0),(0),(0),,,,0.0000,,,90,5000.0000,88834.2887,84088.0798,0.0000,0.0000,5000.0000,0.0000,88834.2887,79088.0798,0.0000,ByLayer,,,,,,,,,,,,,,,,,,,,,,,,,,,,,,,,,,,
1,호,,,DIM,joobs,,ByBlock,도면층별,ByLayer,1.0000,,,,,,,,89,,,,,2026-06-16 오후 8:20:10,2026-06-16 오후 8:20:10,C:\Users\joobs\Downloads,옥천학원수정.dwg,2026-06-16 오후 8:15:29,43832,ByBlock,,,,(0),(0),(0),,,,0.0000,,,,9424.7780,,,,,,,,,,ByLayer,,,,,,,,,,,,10274333.8822,,0,,,,,82834.2887,60088.0798,0.0000,,,,,,,,,,,,,6000.0000,90
1,선,,,DIM,joobs,,ByBlock,도면층별,ByLayer,1.0000,,,,,,,,89,,,,,2026-06-16 오후 8:20:10,2026-06-16 오후 8:20:10,C:\Users\joobs\Downloads,옥천학원수정.dwg,2026-06-16 오후 8:15:29,43832,ByBlock,,,,(0),(0),(0),,,,0.0000,,,90,15864.1244,88834.2887,60088.0798,0.0000,0.0000,15864.1244,0.0000,88834.2887,44223.9554,0.0000,ByLayer,,,,,,,,,,,,,,,,,,,,,,,,,,,,,,,,,,,
1,호,,,DIM,joobs,,ByBlock,도면층별,ByLayer,1.0000,,,,,,,,89,,,,,2026-06-16 오후 8:20:10,2026-06-16 오후 8:20:10,C:\Users\joobs\Downloads,옥천학원수정.dwg,2026-06-16 오후 8:15:29,43832,ByBlock,,,,(0),(0),(0),,,,0.0000,,,,9424.7780,,,,,,,,,,ByLayer,,,,,,,,,,,,10274333.8822,,180,,,,,101834.2887,79088.0798,0.0000,,,,,,,,,,,,,6000.0000,90
1,선,,,DIM,joobs,,ByBlock,도면층별,ByLayer,1.0000,,,,,,,,89,,,,,2026-06-16 오후 8:20:10,2026-06-16 오후 8:20:10,C:\Users\joobs\Downloads,옥천학원수정.dwg,2026-06-16 오후 8:15:29,43832,ByBlock,,,,(0),(0),(0),,,,0.0000,,,90,17406.2434,95834.2887,96594.3232,0.0000,0.0000,17406.2434,0.0000,95834.2887,79188.0798,0.0000,ByLayer,,,,,,,,,,,,,,,,,,,,,,,,,,,,,,,,,,,
1,호,,,0,joobs,,ByLayer,도면층별,ByLayer,1.0000,,,,,,,,89,,,,,2026-06-16 오후 8:20:10,2026-06-16 오후 8:20:10,C:\Users\joobs\Downloads,옥천학원수정.dwg,2026-06-16 오후 8:15:29,43832,ByLayer,,,,(0),(0),(0),,,,0.0000,,,,2910.6475,,,,,,,,,,ByLayer,,,,,,,,,,,,923966.6130,,277,,,,,100064.7210,38674.5216,0.0000,,,,,,,,,,,,,2000.0000,83
1,호,,,DIM,joobs,,ByBlock,도면층별,ByLayer,1.0000,,,,,,,,89,,,,,2026-06-16 오후 8:20:10,2026-06-16 오후 8:20:10,C:\Users\joobs\Downloads,옥천학원수정.dwg,2026-06-16 오후 8:15:29,43832,ByBlock,,,,(0),(0),(0),,,,0.0000,,,,6745.0756,,,,,,,,,,ByLayer,,,,,,,,,,,,5543427.6213,,180,,,,,99834.2887,40661.2025,0.0000,,,,,,,,,,,,,4000.0000,97
1,선,,,DIM,joobs,,ByBlock,도면층별,ByLayer,1.0000,,,,,,,,89,,,,,2026-06-16 오후 8:20:10,2026-06-16 오후 8:20:10,C:\Users\joobs\Downloads,옥천학원수정.dwg,2026-06-16 오후 8:15:29,43832,ByBlock,,,,(0),(0),(0),,,,0.0000,,,90,19426.8773,95834.2887,60088.0798,0.0000,0.0000,19426.8773,0.0000,95834.2887,40661.2025,0.0000,ByLayer,,,,,,,,,,,,,,,,,,,,,,,,,,,,,,,,,,,
1,선,,,TSZ-1,joobs,,ByBlock,도면층별,ByLayer,1.0000,,,,,,,,89,,,,,2026-06-16 오후 8:20:10,2026-06-16 오후 8:20:10,C:\Users\joobs\Downloads,옥천학원수정.dwg,2026-06-16 오후 8:15:29,43832,ByBlock,,,,(0),(0),(0),,,,0.0000,,,90,13500.0000,78396.2887,87088.0798,0.0000,0.0000,13500.0000,0.0000,78396.2887,73588.0798,0.0000,ByLayer,,,,,,,,,,,,,,,,,,,,,,,,,,,,,,,,,,,
1,호,,,DIM,joobs,,ByBlock,도면층별,ByLayer,1.0000,,,,,,,,89,,,,,2026-06-16 오후 8:20:10,2026-06-16 오후 8:20:10,C:\Users\joobs\Downloads,옥천학원수정.dwg,2026-06-16 오후 8:15:29,43832,ByBlock,,,,(0),(0),(0),,,,0.0000,,,,9424.7780,,,,,,,,,,ByLayer,,,,,,,,,,,,10274333.8822,,90,,,,,101834.2887,60088.0798,0.0000,,,,,,,,,,,,,6000.0000,90
1,선,,,TSZ-1,joobs,,ByBlock,도면층별,ByLayer,1.0000,,,,,,,,89,,,,,2026-06-16 오후 8:20:10,2026-06-16 오후 8:20:10,C:\Users\joobs\Downloads,옥천학원수정.dwg,2026-06-16 오후 8:15:29,43832,ByBlock,,,,(0),(0),(0),,,,0.0000,,,90,13500.0000,73696.2887,93288.0798,0.0000,0.0000,13500.0000,0.0000,73696.2887,79788.0798,0.0000,ByLayer,,,,,,,,,,,,,,,,,,,,,,,,,,,,,,,,,,,
1,호,,,TSZ-1,joobs,,ByBlock,도면층별,ByLayer,1.0000,,,,,,,,89,,,,,2026-06-16 오후 8:20:10,2026-06-16 오후 8:20:10,C:\Users\joobs\Downloads,옥천학원수정.dwg,2026-06-16 오후 8:15:29,43832,ByBlock,,,,(0),(0),(0),,,,0.0000,,,,2324.7786,,,,,,,,,,ByLayer,,,,,,,,,,,,625136.1371,,90,,,,,79896.2887,87088.0798,0.0000,,,,,,,,,,,,,1480.0000,90
1,호,,,TSZ-1,joobs,,ByBlock,도면층별,ByLayer,1.0000,,,,,,,,89,,,,,2026-06-16 오후 8:20:10,2026-06-16 오후 8:20:10,C:\Users\joobs\Downloads,옥천학원수정.dwg,2026-06-16 오후 8:15:29,43832,ByBlock,,,,(0),(0),(0),,,,0.0000,,,,13665.9281,,,,,,,,,,ByLayer,,,,,,,,,,,,27737655.6594,,160,,,,,61197.7644,58116.2465,0.0000,,,,,,,,,,,,,5800.0000,135
1,선,,,TSZ-1,joobs,,ByBlock,도면층별,ByLayer,1.0000,,,,,,,,89,,,,,2026-06-16 오후 8:20:10,2026-06-16 오후 8:20:10,C:\Users\joobs\Downloads,옥천학원수정.dwg,2026-06-16 오후 8:15:29,43832,ByBlock,,,,(0),(0),(0),,,,0.0000,,,160,4200.0000,73336.8251,41807.6896,0.0000,-3948.3191,1432.0532,0.0000,77285.1442,40375.6364,0.0000,ByLayer,,,,,,,,,,,,,,,,,,,,,,,,,,,,,,,,,,,
1,선,,,DIM,joobs,,ByBlock,도면층별,ByLayer,1.0000,,,,,,,,89,,,,,2026-06-16 오후 8:20:10,2026-06-16 오후 8:20:10,C:\Users\joobs\Downloads,옥천학원수정.dwg,2026-06-16 오후 8:15:29,43832,ByBlock,,,,(0),(0),(0),,,,0.0000,,,0,7938.0000,92334.2887,93788.0798,0.0000,7938.0000,0.0000,0.0000,84396.2887,93788.0798,0.0000,ByLayer,,,,,,,,,,,,,,,,,,,,,,,,,,,,,,,,,,,
1,호,,,TSZ,joobs,,ByBlock,도면층별,ByLayer,1.0000,,,,,,,,89,,,,,2026-06-16 오후 8:20:10,2026-06-16 오후 8:20:10,C:\Users\joobs\Downloads,옥천학원수정.dwg,2026-06-16 오후 8:15:29,43832,ByBlock,,,,(0),(0),(0),,,,0.0000,,,,24740.0423,,,,,,,,,,ByLayer,,,,,,,,,,,,90905961.2501,,340,,,,,67891.2038,43804.0884,0.0000,,,,,,,,,,,,,10500.0000,135
1,선,,,TSZ-1,joobs,,ByBlock,도면층별,ByLayer,1.0000,,,,,,,,89,,,,,2026-06-16 오후 8:20:10,2026-06-16 오후 8:20:10,C:\Users\joobs\Downloads,옥천학원수정.dwg,2026-06-16 오후 8:15:29,43832,ByBlock,,,,(0),(0),(0),,,,0.0000,,,160,4200.0000,73343.6444,41826.4911,0.0000,-3948.3191,1432.0532,0.0000,77291.9635,40394.4380,0.0000,ByLayer,,,,,,,,,,,,,,,,,,,,,,,,,,,,,,,,,,,
1,호,,,TSZ-1,joobs,,ByBlock,도면층별,ByLayer,1.0000,,,,,,,,89,,,,,2026-06-16 오후 8:20:10,2026-06-16 오후 8:20:10,C:\Users\joobs\Downloads,옥천학원수정.dwg,2026-06-16 오후 8:15:29,43832,ByBlock,,,,(0),(0),(0),,,,0.0000,,,,23561.9450,,,,,,,,,,ByLayer,,,,,,,,,,,,82454386.6214,,340,,,,,67891.2038,43804.0884,0.0000,,,,,,,,,,,,,10000.0000,135
1,선,,,TSZ-1,joobs,,ByBlock,도면층별,ByLayer,1.0000,,,,,,,,89,,,,,2026-06-16 오후 8:20:10,2026-06-16 오후 8:20:10,C:\Users\joobs\Downloads,옥천학원수정.dwg,2026-06-16 오후 8:15:29,43832,ByBlock,,,,(0),(0),(0),,,,0.0000,,,0,4500.0000,72196.2887,78288.0798,0.0000,4500.0000,0.0000,0.0000,67696.2887,78288.0798,0.0000,ByLayer,,,,,,,,,,,,,,,,,,,,,,,,,,,,,,,,,,,
1,선,,,TSZ,joobs,,ByBlock,도면층별,ByLayer,1.0000,,,,,,,,89,,,,,2026-06-16 오후 8:20:10,2026-06-16 오후 8:20:10,C:\Users\joobs\Downloads,옥천학원수정.dwg,2026-06-16 오후 8:15:29,43832,ByBlock,,,,(0),(0),(0),,,,0.0000,,,0,4500.0000,72196.2887,78788.0798,0.0000,4500.0000,0.0000,0.0000,67696.2887,78788.0798,0.0000,ByLayer,,,,,,,,,,,,,,,,,,,,,,,,,,,,,,,,,,,
1,선,,,TSZ-1,joobs,,ByBlock,도면층별,ByLayer,1.0000,,,,,,,,89,,,,,2026-06-16 오후 8:20:10,2026-06-16 오후 8:20:10,C:\Users\joobs\Downloads,옥천학원수정.dwg,2026-06-16 오후 8:15:29,43832,ByBlock,,,,(0),(0),(0),,,,0.0000,,,270,4700.0000,67696.2887,73588.0798,0.0000,0.0000,-4700.0000,0.0000,67696.2887,78288.0798,0.0000,ByLayer,,,,,,,,,,,,,,,,,,,,,,,,,,,,,,,,,,,
1,선,,,TSZ-1,joobs,,ByBlock,도면층별,ByLayer,1.0000,,,,,,,,89,,,,,2026-06-16 오후 8:20:10,2026-06-16 오후 8:20:10,C:\Users\joobs\Downloads,옥천학원수정.dwg,2026-06-16 오후 8:15:29,43832,ByBlock,,,,(0),(0),(0),,,,0.0000,,,0,10700.0000,84396.2887,93308.0798,0.0000,10700.0000,0.0000,0.0000,73696.2887,93308.0798,0.0000,ByLayer,,,,,,,,,,,,,,,,,,,,,,,,,,,,,,,,,,,
1,선,,,TSZ-1,joobs,,ByBlock,도면층별,ByLayer,1.0000,,,,,,,,89,,,,,2026-06-16 오후 8:20:10,2026-06-16 오후 8:20:10,C:\Users\joobs\Downloads,옥천학원수정.dwg,2026-06-16 오후 8:15:29,43832,ByBlock,,,,(0),(0),(0),,,,0.0000,,,0,10700.0000,84396.2887,93288.0798,0.0000,10700.0000,0.0000,0.0000,73696.2887,93288.0798,0.0000,ByLayer,,,,,,,,,,,,,,,,,,,,,,,,,,,,,,,,,,,
1,선,,,TSZ,joobs,,ByBlock,도면층별,ByLayer,1.0000,,,,,,,,89,,,,,2026-06-16 오후 8:20:10,2026-06-16 오후 8:20:10,C:\Users\joobs\Downloads,옥천학원수정.dwg,2026-06-16 오후 8:15:29,43832,ByBlock,,,,(0),(0),(0),,,,0.0000,,,0,11200.0000,84396.2887,93788.0798,0.0000,11200.0000,0.0000,0.0000,73196.2887,93788.0798,0.0000,ByLayer,,,,,,,,,,,,,,,,,,,,,,,,,,,,,,,,,,,
1,호,,,TSZ,joobs,,ByBlock,도면층별,ByLayer,1.0000,,,,,,,,89,,,,,2026-06-16 오후 8:20:10,2026-06-16 오후 8:20:10,C:\Users\joobs\Downloads,옥천학원수정.dwg,2026-06-16 오후 8:15:29,43832,ByBlock,,,,(0),(0),(0),,,,0.0000,,,,1570.7963,,,,,,,,,,ByLayer,,,,,,,,,,,,285398.1634,,90,,,,,79896.2887,87088.0798,0.0000,,,,,,,,,,,,,1000.0000,90
1,선,,,TSZ-1,joobs,,ByBlock,도면층별,ByLayer,1.0000,,,,,,,,89,,,,,2026-06-16 오후 8:20:10,2026-06-16 오후 8:20:10,C:\Users\joobs\Downloads,옥천학원수정.dwg,2026-06-16 오후 8:15:29,43832,ByBlock,,,,(0),(0),(0),,,,0.0000,,,0,4500.0000,84396.2887,88588.0798,0.0000,4500.0000,0.0000,0.0000,79896.2887,88588.0798,0.0000,ByLayer,,,,,,,,,,,,,,,,,,,,,,,,,,,,,,,,,,,
1,선,,,TSZ,joobs,,ByBlock,도면층별,ByLayer,1.0000,,,,,,,,89,,,,,2026-06-16 오후 8:20:10,2026-06-16 오후 8:20:10,C:\Users\joobs\Downloads,옥천학원수정.dwg,2026-06-16 오후 8:15:29,43832,ByBlock,,,,(0),(0),(0),,,,0.0000,,,0,4500.0000,84396.2887,88088.0798,0.0000,4500.0000,0.0000,0.0000,79896.2887,88088.0798,0.0000,ByLayer,,,,,,,,,,,,,,,,,,,,,,,,,,,,,,,,,,,
1,선,,,TSZ-1,joobs,,ByBlock,도면층별,ByLayer,1.0000,,,,,,,,89,,,,,2026-06-16 오후 8:20:10,2026-06-16 오후 8:20:10,C:\Users\joobs\Downloads,옥천학원수정.dwg,2026-06-16 오후 8:15:29,43832,ByBlock,,,,(0),(0),(0),,,,0.0000,,,90,4740.0000,84416.2887,93308.0798,0.0000,0.0000,4740.0000,0.0000,84416.2887,88568.0798,0.0000,ByLayer,,,,,,,,,,,,,,,,,,,,,,,,,,,,,,,,,,,
1,선,,,TSZ-1,joobs,,ByBlock,도면층별,ByLayer,1.0000,,,,,,,,89,,,,,2026-06-16 오후 8:20:10,2026-06-16 오후 8:20:10,C:\Users\joobs\Downloads,옥천학원수정.dwg,2026-06-16 오후 8:15:29,43832,ByBlock,,,,(0),(0),(0),,,,0.0000,,,90,4740.0000,84396.2887,93308.0798,0.0000,0.0000,4740.0000,0.0000,84396.2887,88568.0798,0.0000,ByLayer,,,,,,,,,,,,,,,,,,,,,,,,,,,,,,,,,,,
1,호,,,TSZ-1,joobs,,ByBlock,도면층별,ByLayer,1.0000,,,,,,,,89,,,,,2026-06-16 오후 8:20:10,2026-06-16 오후 8:20:10,C:\Users\joobs\Downloads,옥천학원수정.dwg,2026-06-16 오후 8:15:29,43832,ByBlock,,,,(0),(0),(0),,,,0.0000,,,,2356.1945,,,,,,,,,,ByLayer,,,,,,,,,,,,642145.8676,,90,,,,,79896.2887,87088.0798,0.0000,,,,,,,,,,,,,1500.0000,90
1,선,,,DIM,joobs,,ByBlock,도면층별,ByLayer,1.0000,,,,,,,,89,,,,,2026-06-16 오후 8:20:10,2026-06-16 오후 8:20:10,C:\Users\joobs\Downloads,옥천학원수정.dwg,2026-06-16 오후 8:15:29,43832,ByBlock,,,,(0),(0),(0),,,,0.0000,,,180,32606.0507,101834.2887,66088.0798,0.0000,-32606.0507,0.0000,0.0000,134440.3394,66088.0798,0.0000,ByLayer,,,,,,,,,,,,,,,,,,,,,,,,,,,,,,,,,,,
1,호,,,DIM,joobs,,ByBlock,도면층별,ByLayer,1.0000,,,,,,,,89,,,,,2026-06-16 오후 8:20:10,2026-06-16 오후 8:20:10,C:\Users\joobs\Downloads,옥천학원수정.dwg,2026-06-16 오후 8:15:29,43832,ByBlock,,,,(0),(0),(0),,,,0.0000,,,,9424.7780,,,,,,,,,,ByLayer,,,,,,,,,,,,10274333.8822,,270,,,,,82834.2887,79088.0798,0.0000,,,,,,,,,,,,,6000.0000,90
1,선,,,DIM,joobs,,ByBlock,도면층별,ByLayer,1.0000,,,,,,,,89,,,,,2026-06-16 오후 8:20:10,2026-06-16 오후 8:20:10,C:\Users\joobs\Downloads,옥천학원수정.dwg,2026-06-16 오후 8:15:29,43832,ByBlock,,,,(0),(0),(0),,,,0.0000,,,180,29145.2752,53689.0135,73088.0798,0.0000,-29145.2752,0.0000,0.0000,82834.2887,73088.0798,0.0000,ByLayer,,,,,,,,,,,,,,,,,,,,,,,,,,,,,,,,,,,
1,호,,,DIM,joobs,,ByBlock,도면층별,ByLayer,1.0000,,,,,,,,89,,,,,2026-06-16 오후 8:20:10,2026-06-16 오후 8:20:10,C:\Users\joobs\Downloads,옥천학원수정.dwg,2026-06-16 오후 8:15:29,43832,ByBlock,,,,(0),(0),(0),,,,0.0000,,,,6844.3455,,,,,,,,,,ByLayer,,,,,,,,,,,,5767287.1283,,260,,,,,134411.3201,61274.1546,0.0000,,,,,,,,,,,,,4000.0000,98
1,호,,,DIM,joobs,,ByBlock,도면층별,ByLayer,1.0000,,,,,,,,89,,,,,2026-06-16 오후 8:20:10,2026-06-16 오후 8:20:10,C:\Users\joobs\Downloads,옥천학원수정.dwg,2026-06-16 오후 8:15:29,43832,ByBlock,,,,(0),(0),(0),,,,0.0000,,,,6425.7390,,,,,,,,,,ByLayer,,,,,,,,,,,,4856557.8073,,358,,,,,134440.3394,62088.0798,0.0000,,,,,,,,,,,,,4000.0000,92
1,선,,,DIM,joobs,,ByBlock,도면층별,ByLayer,1.0000,,,,,,,,89,,,,,2026-06-16 오후 8:20:10,2026-06-16 오후 8:20:10,C:\Users\joobs\Downloads,옥천학원수정.dwg,2026-06-16 오후 8:15:29,43832,ByBlock,,,,(0),(0),(0),,,,0.0000,,,268,814.4423,138408.7802,61131.6311,0.0000,-29.0193,-813.9252,0.0000,138437.7995,61945.5563,0.0000,ByLayer,,,,,,,,,,,,,,,,,,,,,,,,,,,,,,,,,,,
1,호,,,DIM,joobs,,ByBlock,도면층별,ByLayer,1.0000,,,,,,,,89,,,,,2026-06-16 오후 8:20:10,2026-06-16 오후 8:20:10,C:\Users\joobs\Downloads,옥천학원수정.dwg,2026-06-16 오후 8:15:29,43832,ByBlock,,,,(0),(0),(0),,,,0.0000,,,,12048.2606,,,,,,,,,,ByLayer,,,,,,,,,,,,17073836.0411,,358,,,,,134440.3394,62088.0798,0.0000,,,,,,,,,,,,,7500.0000,92
1,선,,,DIM,joobs,,ByBlock,도면층별,ByLayer,1.0000,,,,,,,,89,,,,,2026-06-16 오후 8:20:10,2026-06-16 오후 8:20:10,C:\Users\joobs\Downloads,옥천학원수정.dwg,2026-06-16 오후 8:15:29,43832,ByBlock,,,,(0),(0),(0),,,,0.0000,,,268,8772.3529,141623.0105,53054.0656,0.0000,-312.5666,-8766.7826,0.0000,141935.5771,61820.8483,0.0000,ByLayer,,,,,,,,,,,,,,,,,,,,,,,,,,,,,,,,,,,
1,선,,,DIM,joobs,,ByBlock,도면층별,ByLayer,1.0000,,,,,,,,89,,,,,2026-06-16 오후 8:20:10,2026-06-16 오후 8:20:10,C:\Users\joobs\Downloads,옥천학원수정.dwg,2026-06-16 오후 8:15:29,43832,ByBlock,,,,(0),(0),(0),,,,0.0000,,,268,43318.8858,145120.7881,52929.3576,0.0000,-1543.4897,-43291.3791,0.0000,146664.2777,96220.7367,0.0000,ByLayer,,,,,,,,,,,,,,,,,,,,,,,,,,,,,,,,,,,
1,선,,,DIM,joobs,,ByBlock,도면층별,ByLayer,1.0000,,,,,,,,89,,,,,2026-06-16 오후 8:20:10,2026-06-16 오후 8:20:10,C:\Users\joobs\Downloads,옥천학원수정.dwg,2026-06-16 오후 8:15:29,43832,ByBlock,,,,(0),(0),(0),,,,0.0000,,,268,43318.8858,145320.6611,52922.2314,0.0000,-1543.4897,-43291.3791,0.0000,146864.1507,96213.6105,0.0000,ByLayer,,,,,,,,,,,,,,,,,,,,,,,,,,,,,,,,,,,
1,호,,,DIM,joobs,,ByBlock,도면층별,ByLayer,1.0000,,,,,,,,89,,,,,2026-06-16 오후 8:20:10,2026-06-16 오후 8:20:10,C:\Users\joobs\Downloads,옥천학원수정.dwg,2026-06-16 오후 8:15:29,43832,ByBlock,,,,(0),(0),(0),,,,0.0000,,,,6059.1040,,,,,,,,,,ByLayer,,,,,,,,,,,,4130757.7570,,90,,,,,67140.7286,92594.3232,0.0000,,,,,,,,,,,,,4000.0000,87
1,호,,,DIM,joobs,,ByBlock,도면층별,ByLayer,1.0000,,,,,,,,89,,,,,2026-06-16 오후 8:20:10,2026-06-16 오후 8:20:10,C:\Users\joobs\Downloads,옥천학원수정.dwg,2026-06-16 오후 8:15:29,43832,ByBlock,,,,(0),(0),(0),,,,0.0000,,,,6507.2667,,,,,,,,,,ByLayer,,,,,,,,,,,,5027083.1307,,177,,,,,66664.0570,82788.0798,0.0000,,,,,,,,,,,,,4000.0000,93
1,선,,,DIM,joobs,,ByBlock,도면층별,ByLayer,1.0000,,,,,,,,89,,,,,2026-06-16 오후 8:20:10,2026-06-16 오후 8:20:10,C:\Users\joobs\Downloads,옥천학원수정.dwg,2026-06-16 오후 8:15:29,43832,ByBlock,,,,(0),(0),(0),,,,0.0000,,,87,9817.8219,63147.0035,92818.2874,0.0000,476.6716,9806.2434,0.0000,62670.3319,83012.0439,0.0000,ByLayer,,,,,,,,,,,,,,,,,,,,,,,,,,,,,,,,,,,
1,호,,,DIM,joobs,,ByBlock,도면층별,ByLayer,1.0000,,,,,,,,89,,,,,2026-06-16 오후 8:20:10,2026-06-16 오후 8:20:10,C:\Users\joobs\Downloads,옥천학원수정.dwg,2026-06-16 오후 8:15:29,43832,ByBlock,,,,(0),(0),(0),,,,0.0000,,,,11360.8199,,,,,,,,,,ByLayer,,,,,,,,,,,,14522195.2396,,90,,,,,67140.7286,92594.3232,0.0000,,,,,,,,,,,,,7500.0000,87
1,선,,,DIM,joobs,,ByBlock,도면층별,ByLayer,1.0000,,,,,,,,89,,,,,2026-06-16 오후 8:20:10,2026-06-16 오후 8:20:10,C:\Users\joobs\Downloads,옥천학원수정.dwg,2026-06-16 오후 8:15:29,43832,ByBlock,,,,(0),(0),(0),,,,0.0000,,,87,8709.6317,59652.4941,93014.2560,0.0000,487.6614,8695.9686,0.0000,59164.8327,84318.2874,0.0000,ByLayer,,,,,,,,,,,,,,,,,,,,,,,,,,,,,,,,,,,
1,선,,,DIM,joobs,,ByBlock,도면층별,ByLayer,1.0000,,,,,,,,89,,,,,2026-06-16 오후 8:20:10,2026-06-16 오후 8:20:10,C:\Users\joobs\Downloads,옥천학원수정.dwg,2026-06-16 오후 8:15:29,43832,ByBlock,,,,(0),(0),(0),,,,0.0000,,,70,41087.1233,56750.9025,103783.1250,0.0000,13762.5719,38713.6063,0.0000,42988.3306,65069.5187,0.0000,ByLayer,,,,,,,,,,,,,,,,,,,,,,,,,,,,,,,,,,,
1,선,,,DIM,joobs,,ByBlock,도면층별,ByLayer,1.0000,,,,,,,,89,,,,,2026-06-16 오후 8:20:10,2026-06-16 오후 8:20:10,C:\Users\joobs\Downloads,옥천학원수정.dwg,2026-06-16 오후 8:15:29,43832,ByBlock,,,,(0),(0),(0),,,,0.0000,,,71,41031.2363,56551.2162,103794.3232,0.0000,13562.8856,38724.8045,0.0000,42988.3306,65069.5187,0.0000,ByLayer,,,,,,,,,,,,,,,,,,,,,,,,,,,,,,,,,,,
1,선,,,DIM,joobs,,ByBlock,도면층별,ByLayer,1.0000,,,,,,,,89,,,,,2026-06-16 오후 8:20:10,2026-06-16 오후 8:20:10,C:\Users\joobs\Downloads,옥천학원수정.dwg,2026-06-16 오후 8:15:29,43832,ByBlock,,,,(0),(0),(0),,,,0.0000,,,180,32000.0000,67140.7286,96594.3232,0.0000,-32000.0000,0.0000,0.0000,99140.7286,96594.3232,0.0000,ByLayer,,,,,,,,,,,,,,,,,,,,,,,,,,,,,,,,,,,
1,선,,,DIM,joobs,,ByBlock,도면층별,ByLayer,1.0000,,,,,,,,89,,,,,2026-06-16 오후 8:20:10,2026-06-16 오후 8:20:10,C:\Users\joobs\Downloads,옥천학원수정.dwg,2026-06-16 오후 8:15:29,43832,ByBlock,,,,(0),(0),(0),,,,0.0000,,,180,32242.3073,67140.7286,100094.3232,0.0000,-32242.3073,0.0000,0.0000,99383.0359,100094.3232,0.0000,ByLayer,,,,,,,,,,,,,,,,,,,,,,,,,,,,,,,,,,,
1,선,,,DIM,joobs,,ByBlock,도면층별,ByLayer,1.0000,,,,,,,,89,,,,,2026-06-16 오후 8:20:10,2026-06-16 오후 8:20:10,C:\Users\joobs\Downloads,옥천학원수정.dwg,2026-06-16 오후 8:15:29,43832,ByBlock,,,,(0),(0),(0),,,,0.0000,,,180,42831.8197,56551.2162,103594.3232,0.0000,-42831.8197,0.0000,0.0000,99383.0359,103594.3232,0.0000,ByLayer,,,,,,,,,,,,,,,,,,,,,,,,,,,,,,,,,,,
1,선,,,DIM,joobs,,ByBlock,도면층별,ByLayer,1.0000,,,,,,,,89,,,,,2026-06-16 오후 8:20:10,2026-06-16 오후 8:20:10,C:\Users\joobs\Downloads,옥천학원수정.dwg,2026-06-16 오후 8:15:29,43832,ByBlock,,,,(0),(0),(0),,,,0.0000,,,0,46285.7762,99974.7777,28774.2353,0.0000,46285.7762,0.0000,0.0000,53689.0015,28774.2353,0.0000,ByLayer,,,,,,,,,,,,,,,,,,,,,,,,,,,,,,,,,,,
1,선,,,DIM,joobs,,ByBlock,도면층별,ByLayer,1.0000,,,,,,,,89,,,,,2026-06-16 오후 8:20:10,2026-06-16 오후 8:20:10,C:\Users\joobs\Downloads,옥천학원수정.dwg,2026-06-16 오후 8:15:29,43832,ByBlock,,,,(0),(0),(0),,,,0.0000,,,0,46285.7762,99974.7777,28974.2353,0.0000,46285.7762,0.0000,0.0000,53689.0015,28974.2353,0.0000,ByLayer,,,,,,,,,,,,,,,,,,,,,,,,,,,,,,,,,,,
1,선,,,DIM,joobs,,ByBlock,도면층별,ByLayer,1.0000,,,,,,,,89,,,,,2026-06-16 오후 8:20:10,2026-06-16 오후 8:20:10,C:\Users\joobs\Downloads,옥천학원수정.dwg,2026-06-16 오후 8:15:29,43832,ByBlock,,,,(0),(0),(0),,,,0.0000,,,0,44552.4764,98241.4779,32474.2353,0.0000,44552.4764,0.0000,0.0000,53689.0015,32474.2353,0.0000,ByLayer,,,,,,,,,,,,,,,,,,,,,,,,,,,,,,,,,,,
1,선,,,DIM,joobs,,ByBlock,도면층별,ByLayer,1.0000,,,,,,,,89,,,,,2026-06-16 오후 8:20:10,2026-06-16 오후 8:20:10,C:\Users\joobs\Downloads,옥천학원수정.dwg,2026-06-16 오후 8:15:29,43832,ByBlock,,,,(0),(0),(0),,,,0.0000,,,0,5909.0495,59598.0510,35974.2353,0.0000,5909.0495,0.0000,0.0000,53689.0015,35974.2353,0.0000,ByLayer,,,,,,,,,,,,,,,,,,,,,,,,,,,,,,,,,,,
1,선,,,DIM,joobs,,ByBlock,도면층별,ByLayer,1.0000,,,,,,,,89,,,,,2026-06-16 오후 8:20:10,2026-06-16 오후 8:20:10,C:\Users\joobs\Downloads,옥천학원수정.dwg,2026-06-16 오후 8:15:29,43832,ByBlock,,,,(0),(0),(0),,,,0.0000,,,180,44005.2285,101834.2887,73088.0798,0.0000,-44005.2285,0.0000,0.0000,145839.5173,73088.0798,0.0000,ByLayer,,,,,,,,,,,,,,,,,,,,,,,,,,,,,,,,,,,
1,호,,,DIM,joobs,,ByBlock,도면층별,ByLayer,1.0000,,,,,,,,89,,,,,2026-06-16 오후 8:20:10,2026-06-16 오후 8:20:10,C:\Users\joobs\Downloads,옥천학원수정.dwg,2026-06-16 오후 8:15:29,43832,ByBlock,,,,(0),(0),(0),,,,0.0000,,,,16407.9930,,,,,,,,,,ByLayer,,,,,,,,,,,,42737363.5965,,270,,,,,130635.7314,89488.0798,0.0000,,,,,,,,,,,,,5500.0000,171
1,호,,,DIM,joobs,,ByBlock,도면층별,ByLayer,1.0000,,,,,,,,89,,,,,2026-06-16 오후 8:20:10,2026-06-16 오후 8:20:10,C:\Users\joobs\Downloads,옥천학원수정.dwg,2026-06-16 오후 8:15:29,43832,ByBlock,,,,(0),(0),(0),,,,0.0000,,,,5966.5429,,,,,,,,,,ByLayer,,,,,,,,,,,,5651221.6326,,270,,,,,130635.7314,89488.0798,0.0000,,,,,,,,,,,,,2000.0000,171
1,선,,,DIM,joobs,,ByBlock,도면층별,ByLayer,1.0000,,,,,,,,89,,,,,2026-06-16 오후 8:20:10,2026-06-16 오후 8:20:10,C:\Users\joobs\Downloads,옥천학원수정.dwg,2026-06-16 오후 8:15:29,43832,ByBlock,,,,(0),(0),(0),,,,0.0000,,,351,32546.2108,130951.0527,91463.0665,0.0000,32139.1668,-5131.2567,0.0000,98811.8860,96594.3232,0.0000,ByLayer,,,,,,,,,,,,,,,,,,,,,,,,,,,,,,,,,,,
1,선,,,DIM,joobs,,ByBlock,도면층별,ByLayer,1.0000,,,,,,,,89,,,,,2026-06-16 오후 8:20:10,2026-06-16 오후 8:20:10,C:\Users\joobs\Downloads,옥천학원수정.dwg,2026-06-16 오후 8:15:29,43832,ByBlock,,,,(0),(0),(0),,,,0.0000,,,351,33117.3607,131502.8650,94919.2932,0.0000,32703.1735,-5221.3046,0.0000,98799.6915,100140.5978,0.0000,ByLayer,,,,,,,,,,,,,,,,,,,,,,,,,,,,,,,,,,,
1,선,,,DIM,joobs,,ByBlock,도면층별,ByLayer,1.0000,,,,,,,,89,,,,,2026-06-16 오후 8:20:10,2026-06-16 오후 8:20:10,C:\Users\joobs\Downloads,옥천학원수정.dwg,2026-06-16 오후 8:15:29,43832,ByBlock,,,,(0),(0),(0),,,,0.0000,,,351,48082.4653,146832.6186,96016.1118,0.0000,47481.1148,-7580.7127,0.0000,99351.5038,103596.8245,0.0000,ByLayer,,,,,,,,,,,,,,,,,,,,,,,,,,,,,,,,,,,
1,선,,,DIM,joobs,,ByBlock,도면층별,ByLayer,1.0000,,,,,,,,89,,,,,2026-06-16 오후 8:20:10,2026-06-16 오후 8:20:10,C:\Users\joobs\Downloads,옥천학원수정.dwg,2026-06-16 오후 8:15:29,43832,ByBlock,,,,(0),(0),(0),,,,0.0000,,,351,48082.4653,146864.1507,96213.6105,0.0000,47481.1148,-7580.7127,0.0000,99383.0359,103794.3232,0.0000,ByLayer,,,,,,,,,,,,,,,,,,,,,,,,,,,,,,,,,,,
1,호,,,DIM,joobs,,ByBlock,도면층별,ByLayer,1.0000,,,,,,,,89,,,,,2026-06-16 오후 8:20:10,2026-06-16 오후 8:20:10,C:\Users\joobs\Downloads,옥천학원수정.dwg,2026-06-16 오후 8:15:29,43832,ByBlock,,,,(0),(0),(0),,,,0.0000,,,,10448.0612,,,,,,,,,,ByLayer,,,,,,,,,,,,16854773.4103,,290,,,,,122390.8154,48988.3752,0.0000,,,,,,,,,,,,,4000.0000,150
1,호,,,TSZ-1,joobs,,ByBlock,도면층별,ByLayer,1.0000,,,,,,,,89,,,,,2026-06-16 오후 8:20:10,2026-06-16 오후 8:20:10,C:\Users\joobs\Downloads,옥천학원수정.dwg,2026-06-16 오후 8:15:29,43832,ByBlock,,,,(0),(0),(0),,,,0.0000,,,,23561.9450,,,,,,,,,,ByLayer,,,,,,,,,,,,82454386.6214,,160,,,,,61197.7644,58116.2465,0.0000,,,,,,,,,,,,,10000.0000,135
1,호,,,0,joobs,,ByLayer,도면층별,ByLayer,1.0000,,,,,,,,89,,,,,2026-06-16 오후 8:20:10,2026-06-16 오후 8:20:10,C:\Users\joobs\Downloads,옥천학원수정.dwg,2026-06-16 오후 8:15:29,43832,ByLayer,,,,(0),(0),(0),,,,0.0000,,,,2886.6678,,,,,,,,,,ByLayer,,,,,,,,,,,,1109621.1878,,180,,,,,107764.7210,40923.9553,0.0000,,,,,,,,,,,,,1500.0000,110
1,호,,,DIM,joobs,,ByBlock,도면층별,ByLayer,1.0000,,,,,,,,89,,,,,2026-06-16 오후 8:20:10,2026-06-16 오후 8:20:10,C:\Users\joobs\Downloads,옥천학원수정.dwg,2026-06-16 오후 8:15:29,43832,ByBlock,,,,(0),(0),(0),,,,0.0000,,,,13232.9011,,,,,,,,,,ByLayer,,,,,,,,,,,,16076969.9083,,290,,,,,134127.7728,53321.2972,0.0000,,,,,,,,,,,,,11200.0000,68
1,호,,,DIM,joobs,,ByBlock,도면층별,ByLayer,1.0000,,,,,,,,89,,,,,2026-06-16 오후 8:20:10,2026-06-16 오후 8:20:10,C:\Users\joobs\Downloads,옥천학원수정.dwg,2026-06-16 오후 8:15:29,43832,ByBlock,,,,(0),(0),(0),,,,0.0000,,,,12996.5993,,,,,,,,,,ByLayer,,,,,,,,,,,,15507918.9964,,290,,,,,134127.7728,53321.2972,0.0000,,,,,,,,,,,,,11000.0000,68
1,호,,,DIM,joobs,,ByBlock,도면층별,ByLayer,1.0000,,,,,,,,89,,,,,2026-06-16 오후 8:20:10,2026-06-16 오후 8:20:10,C:\Users\joobs\Downloads,옥천학원수정.dwg,2026-06-16 오후 8:15:29,43832,ByBlock,,,,(0),(0),(0),,,,0.0000,,,,8861.3177,,,,,,,,,,ByLayer,,,,,,,,,,,,7209259.8640,,290,,,,,134127.7728,53321.2972,0.0000,,,,,,,,,,,,,7500.0000,68
1,호,,,DIM,joobs,,ByBlock,도면층별,ByLayer,1.0000,,,,,,,,89,,,,,2026-06-16 오후 8:20:10,2026-06-16 오후 8:20:10,C:\Users\joobs\Downloads,옥천학원수정.dwg,2026-06-16 오후 8:15:29,43832,ByBlock,,,,(0),(0),(0),,,,0.0000,,,,2121.8933,,,,,,,,,,ByLayer,,,,,,,,,,,,131862.6881,,270,,,,,98241.4779,38474.2353,0.0000,,,,,,,,,,,,,6000.0000,20
1,선,,,DIM,joobs,,ByBlock,도면층별,ByLayer,1.0000,,,,,,,,89,,,,,2026-06-16 오후 8:20:10,2026-06-16 오후 8:20:10,C:\Users\joobs\Downloads,옥천학원수정.dwg,2026-06-16 오후 8:15:29,43832,ByBlock,,,,(0),(0),(0),,,,0.0000,,,20,38807.3628,136725.1966,46285.4326,0.0000,36405.7797,13439.8889,0.0000,100319.4169,32845.5437,0.0000,ByLayer,,,,,,,,,,,,,,,,,,,,,,,,,,,,,,,,,,,
1,선,,,DIM,joobs,,ByBlock,도면층별,ByLayer,1.0000,,,,,,,,89,,,,,2026-06-16 오후 8:20:10,2026-06-16 오후 8:20:10,C:\Users\joobs\Downloads,옥천학원수정.dwg,2026-06-16 오후 8:15:29,43832,ByBlock,,,,(0),(0),(0),,,,0.0000,,,20,40540.6626,137937.3277,43002.0292,0.0000,38031.8147,14040.1708,0.0000,99905.5130,28961.8584,0.0000,ByLayer,,,,,,,,,,,,,,,,,,,,,,,,,,,,,,,,,,,
1,선,,,DIM,joobs,,ByBlock,도면층별,ByLayer,1.0000,,,,,,,,89,,,,,2026-06-16 오후 8:20:10,2026-06-16 오후 8:20:10,C:\Users\joobs\Downloads,옥천학원수정.dwg,2026-06-16 오후 8:15:29,43832,ByBlock,,,,(0),(0),(0),,,,0.0000,,,20,40540.6626,138006.5924,42814.4061,0.0000,38031.8147,14040.1708,0.0000,99974.7777,28774.2353,0.0000,ByLayer,,,,,,,,,,,,,,,,,,,,,,,,,,,,,,,,,,,
1,호,,,DIM,joobs,,ByBlock,도면층별,ByLayer,1.0000,,,,,,,,89,,,,,2026-06-16 오후 8:20:10,2026-06-16 오후 8:20:10,C:\Users\joobs\Downloads,옥천학원수정.dwg,2026-06-16 오후 8:15:29,43832,ByBlock,,,,(0),(0),(0),,,,0.0000,,,,1879.0369,,,,,,,,,,ByLayer,,,,,,,,,,,,136700.9622,,270,,,,,59598.0510,39974.2353,0.0000,,,,,,,,,,,,,4000.0000,27
1,선,,,DIM,joobs,,ByBlock,도면층별,ByLayer,1.0000,,,,,,,,89,,,,,2026-06-16 오후 8:20:10,2026-06-16 오후 8:20:10,C:\Users\joobs\Downloads,옥천학원수정.dwg,2026-06-16 오후 8:15:29,43832,ByBlock,,,,(0),(0),(0),,,,0.0000,,,20,16513.8581,123776.1081,45235.9141,0.0000,15491.9024,5719.1317,0.0000,108284.2057,39516.7824,0.0000,ByLayer,,,,,,,,,,,,,,,,,,,,,,,,,,,,,,,,,,,
1,호,,,TSZ,joobs,,ByBlock,도면층별,ByLayer,1.0000,,,,,,,,89,,,,,2026-06-16 오후 8:20:10,2026-06-16 오후 8:20:10,C:\Users\joobs\Downloads,옥천학원수정.dwg,2026-06-16 오후 8:15:29,43832,ByBlock,,,,(0),(0),(0),,,,0.0000,,,,24740.0423,,,,,,,,,,ByLayer,,,,,,,,,,,,90905961.2501,,160,,,,,61197.7644,58116.2465,0.0000,,,,,,,,,,,,,10500.0000,135
1,호,,,TSZ-1,joobs,,ByBlock,도면층별,ByLayer,1.0000,,,,,,,,89,,,,,2026-06-16 오후 8:20:10,2026-06-16 오후 8:20:10,C:\Users\joobs\Downloads,옥천학원수정.dwg,2026-06-16 오후 8:15:29,43832,ByBlock,,,,(0),(0),(0),,,,0.0000,,,,23609.0689,,,,,,,,,,ByLayer,,,,,,,,,,,,82784533.9854,,340,,,,,67891.2038,43804.0884,0.0000,,,,,,,,,,,,,10020.0000,135
1,호,,,TSZ-1,joobs,,ByBlock,도면층별,ByLayer,1.0000,,,,,,,,89,,,,,2026-06-16 오후 8:20:10,2026-06-16 오후 8:20:10,C:\Users\joobs\Downloads,옥천학원수정.dwg,2026-06-16 오후 8:15:29,43832,ByBlock,,,,(0),(0),(0),,,,0.0000,,,,23609.0689,,,,,,,,,,ByLayer,,,,,,,,,,,,82784533.9854,,160,,,,,61197.7644,58116.2465,0.0000,,,,,,,,,,,,,10020.0000,135
1,선,,,DIM,joobs,,ByBlock,도면층별,ByLayer,1.0000,,,,,,,,89,,,,,2026-06-16 오후 8:20:10,2026-06-16 오후 8:20:10,C:\Users\joobs\Downloads,옥천학원수정.dwg,2026-06-16 오후 8:15:29,43832,ByBlock,,,,(0),(0),(0),,,,0.0000,,,270,24220.9752,42689.0015,39974.2353,0.0000,0.0000,-24220.9752,0.0000,42689.0015,64195.2105,0.0000,ByLayer,,,,,,,,,,,,,,,,,,,,,,,,,,,,,,,,,,,
1,호,,,DIM,joobs,,ByBlock,도면층별,ByLayer,1.0000,,,,,,,,89,,,,,2026-06-16 오후 8:20:10,2026-06-16 오후 8:20:10,C:\Users\joobs\Downloads,옥천학원수정.dwg,2026-06-16 오후 8:15:29,43832,ByBlock,,,,(0),(0),(0),,,,0.0000,,,,17592.9189,,,,,,,,,,ByLayer,,,,,,,,,,,,35800345.6164,,180,,,,,53689.0015,39974.2353,0.0000,,,,,,,,,,,,,11200.0000,90
1,호,,,DIM,joobs,,ByBlock,도면층별,ByLayer,1.0000,,,,,,,,89,,,,,2026-06-16 오후 8:20:10,2026-06-16 오후 8:20:10,C:\Users\joobs\Downloads,옥천학원수정.dwg,2026-06-16 오후 8:15:29,43832,ByBlock,,,,(0),(0),(0),,,,0.0000,,,,17278.7596,,,,,,,,,,ByLayer,,,,,,,,,,,,34533177.7709,,180,,,,,53689.0015,39974.2353,0.0000,,,,,,,,,,,,,11000.0000,90
1,호,,,DIM,joobs,,ByBlock,도면층별,ByLayer,1.0000,,,,,,,,89,,,,,2026-06-16 오후 8:20:10,2026-06-16 오후 8:20:10,C:\Users\joobs\Downloads,옥천학원수정.dwg,2026-06-16 오후 8:15:29,43832,ByBlock,,,,(0),(0),(0),,,,0.0000,,,,11780.9725,,,,,,,,,,ByLayer,,,,,,,,,,,,16053646.6910,,180,,,,,53689.0015,39974.2353,0.0000,,,,,,,,,,,,,7500.0000,90
1,호,,,DIM,joobs,,ByBlock,도면층별,ByLayer,1.0000,,,,,,,,89,,,,,2026-06-16 오후 8:20:10,2026-06-16 오후 8:20:10,C:\Users\joobs\Downloads,옥천학원수정.dwg,2026-06-16 오후 8:15:29,43832,ByBlock,,,,(0),(0),(0),,,,0.0000,,,,4546.0414,,,,,,,,,,ByLayer,,,,,,,,,,,,601202.5325,,157,,,,,55416.0522,61455.6004,0.0000,,,,,,,,,,,,,12942.5141,20
1,호,,,DIM,joobs,,ByBlock,도면층별,ByLayer,1.0000,,,,,,,,89,,,,,2026-06-16 오후 8:20:10,2026-06-16 오후 8:20:10,C:\Users\joobs\Downloads,옥천학원수정.dwg,2026-06-16 오후 8:15:29,43832,ByBlock,,,,(0),(0),(0),,,,0.0000,,,,4359.0470,,,,,,,,,,ByLayer,,,,,,,,,,,,1625960.3712,,118,,,,,53689.0015,62088.0798,0.0000,,,,,,,,,,,,,4000.0000,62
1,호,,,DIM,joobs,,ByBlock,도면층별,ByLayer,1.0000,,,,,,,,89,,,,,2026-06-16 오후 8:20:10,2026-06-16 오후 8:20:10,C:\Users\joobs\Downloads,옥천학원수정.dwg,2026-06-16 오후 8:15:29,43832,ByBlock,,,,(0),(0),(0),,,,0.0000,,,,11780.9725,,,,,,,,,,ByLayer,,,,,,,,,,,,16053646.6910,,90,,,,,53689.0015,62088.0798,0.0000,,,,,,,,,,,,,7500.0000,90
1,선,,,DIM,joobs,,ByBlock,도면층별,ByLayer,1.0000,,,,,,,,89,,,,,2026-06-16 오후 8:20:10,2026-06-16 오후 8:20:10,C:\Users\joobs\Downloads,옥천학원수정.dwg,2026-06-16 오후 8:15:29,43832,ByBlock,,,,(0),(0),(0),,,,0.0000,,,270,22113.8444,46189.0015,39974.2353,0.0000,0.0000,-22113.8444,0.0000,46189.0015,62088.0798,0.0000,ByLayer,,,,,,,,,,,,,,,,,,,,,,,,,,,,,,,,,,,
1,호,,,DIM,joobs,,ByBlock,도면층별,ByLayer,1.0000,,,,,,,,89,,,,,2026-06-16 오후 8:20:10,2026-06-16 오후 8:20:10,C:\Users\joobs\Downloads,옥천학원수정.dwg,2026-06-16 오후 8:15:29,43832,ByBlock,,,,(0),(0),(0),,,,0.0000,,,,6283.1853,,,,,,,,,,ByLayer,,,,,,,,,,,,4566370.6143,,180,,,,,53689.0015,39974.2353,0.0000,,,,,,,,,,,,,4000.0000,90
1,선,,,DIM,joobs,,ByBlock,도면층별,ByLayer,1.0000,,,,,,,,89,,,,,2026-06-16 오후 8:20:10,2026-06-16 오후 8:20:10,C:\Users\joobs\Downloads,옥천학원수정.dwg,2026-06-16 오후 8:15:29,43832,ByBlock,,,,(0),(0),(0),,,,0.0000,,,270,22113.8444,49689.0015,39974.2353,0.0000,0.0000,-22113.8444,0.0000,49689.0015,62088.0798,0.0000,ByLayer,,,,,,,,,,,,,,,,,,,,,,,,,,,,,,,,,,,
1,선,,,TSZ-1,joobs,,ByBlock,도면층별,ByLayer,1.0000,,,,,,,,89,,,,,2026-06-16 오후 8:20:10,2026-06-16 오후 8:20:10,C:\Users\joobs\Downloads,옥천학원수정.dwg,2026-06-16 오후 8:15:29,43832,ByBlock,,,,(0),(0),(0),,,,0.0000,,,270,3514.9754,128314.2887,75573.1044,0.0000,0.0000,-3514.9754,0.0000,128314.2887,79088.0798,0.0000,ByLayer,,,,,,,,,,,,,,,,,,,,,,,,,,,,,,,,,,,
1,선,,,TSZ,joobs,,ByBlock,도면층별,ByLayer,1.0000,,,,,,,,89,,,,,2026-06-16 오후 8:20:10,2026-06-16 오후 8:20:10,C:\Users\joobs\Downloads,옥천학원수정.dwg,2026-06-16 오후 8:15:29,43832,ByBlock,,,,(0),(0),(0),,,,0.0000,,,270,3900.0000,127934.2887,75588.0798,0.0000,0.0000,-3900.0000,0.0000,127934.2887,79488.0798,0.0000,ByLayer,,,,,,,,,,,,,,,,,,,,,,,,,,,,,,,,,,,
1,선,,,TSZ-1,joobs,,ByBlock,도면층별,ByLayer,1.0000,,,,,,,,89,,,,,2026-06-16 오후 8:20:10,2026-06-16 오후 8:20:10,C:\Users\joobs\Downloads,옥천학원수정.dwg,2026-06-16 오후 8:15:29,43832,ByBlock,,,,(0),(0),(0),,,,0.0000,,,270,3500.0000,128334.2887,75588.0798,0.0000,0.0000,-3500.0000,0.0000,128334.2887,79088.0798,0.0000,ByLayer,,,,,,,,,,,,,,,,,,,,,,,,,,,,,,,,,,,
1,선,,,TSZ-1,joobs,,ByBlock,도면층별,ByLayer,1.0000,,,,,,,,89,,,,,2026-06-16 오후 8:20:10,2026-06-16 오후 8:20:10,C:\Users\joobs\Downloads,옥천학원수정.dwg,2026-06-16 오후 8:15:29,43832,ByBlock,,,,(0),(0),(0),,,,0.0000,,,270,3500.0000,143354.2887,75588.0798,0.0000,0.0000,-3500.0000,0.0000,143354.2887,79088.0798,0.0000,ByLayer,,,,,,,,,,,,,,,,,,,,,,,,,,,,,,,,,,,
1,호,,,TSZ,joobs,,ByBlock,도면층별,ByLayer,1.0000,,,,,,,,89,,,,,2026-06-16 오후 8:20:10,2026-06-16 오후 8:20:10,C:\Users\joobs\Downloads,옥천학원수정.dwg,2026-06-16 오후 8:15:29,43832,ByBlock,,,,(0),(0),(0),,,,0.0000,,,,12487.8309,,,,,,,,,,ByLayer,,,,,,,,,,,,23161437.2019,,160,,,,,61197.7644,58116.2465,0.0000,,,,,,,,,,,,,5300.0000,135
1,선,,,TSZ-1,joobs,,ByBlock,도면층별,ByLayer,1.0000,,,,,,,,89,,,,,2026-06-16 오후 8:20:10,2026-06-16 오후 8:20:10,C:\Users\joobs\Downloads,옥천학원수정.dwg,2026-06-16 오후 8:15:29,43832,ByBlock,,,,(0),(0),(0),,,,0.0000,,,270,3500.0000,143334.2887,75588.0798,0.0000,0.0000,-3500.0000,0.0000,143334.2887,79088.0798,0.0000,ByLayer,,,,,,,,,,,,,,,,,,,,,,,,,,,,,,,,,,,
1,선,,,TSZ-1,joobs,,ByBlock,도면층별,ByLayer,1.0000,,,,,,,,89,,,,,2026-06-16 오후 8:20:10,2026-06-16 오후 8:20:10,C:\Users\joobs\Downloads,옥천학원수정.dwg,2026-06-16 오후 8:15:29,43832,ByBlock,,,,(0),(0),(0),,,,0.0000,,,180,15000.0000,128334.2887,79108.0798,0.0000,-15000.0000,0.0000,0.0000,143334.2887,79108.0798,0.0000,ByLayer,,,,,,,,,,,,,,,,,,,,,,,,,,,,,,,,,,,
1,선,,,DIM,joobs,,ByBlock,도면층별,ByLayer,1.0000,,,,,,,,89,,,,,2026-06-16 오후 8:20:10,2026-06-16 오후 8:20:10,C:\Users\joobs\Downloads,옥천학원수정.dwg,2026-06-16 오후 8:15:29,43832,ByBlock,,,,(0),(0),(0),,,,0.0000,,,270,22113.8444,42489.0015,39974.2353,0.0000,0.0000,-22113.8444,0.0000,42489.0015,62088.0798,0.0000,ByLayer,,,,,,,,,,,,,,,,,,,,,,,,,,,,,,,,,,,
1,선,,,TSZ,joobs,,ByBlock,도면층별,ByLayer,1.0000,,,,,,,,89,,,,,2026-06-16 오후 8:20:10,2026-06-16 오후 8:20:10,C:\Users\joobs\Downloads,옥천학원수정.dwg,2026-06-16 오후 8:15:29,43832,ByBlock,,,,(0),(0),(0),,,,0.0000,,,180,15800.0000,127934.2887,79488.0798,0.0000,-15800.0000,0.0000,0.0000,143734.2887,79488.0798,0.0000,ByLayer,,,,,,,,,,,,,,,,,,,,,,,,,,,,,,,,,,,
1,선,,,DIM,joobs,,ByBlock,도면층별,ByLayer,1.0000,,,,,,,,89,,,,,2026-06-16 오후 8:20:10,2026-06-16 오후 8:20:10,C:\Users\joobs\Downloads,옥천학원수정.dwg,2026-06-16 오후 8:15:29,43832,ByBlock,,,,(0),(0),(0),,,,0.0000,,,350,476.1945,123090.9048,52926.6330,0.0000,468.8442,-83.3447,0.0000,122622.0607,53009.9777,0.0000,ByLayer,,,,,,,,,,,,,,,,,,,,,,,,,,,,,,,,,,,
1,선,,,TSZ-1,joobs,,ByBlock,도면층별,ByLayer,1.0000,,,,,,,,89,,,,,2026-06-16 오후 8:20:10,2026-06-16 오후 8:20:10,C:\Users\joobs\Downloads,옥천학원수정.dwg,2026-06-16 오후 8:15:29,43832,ByBlock,,,,(0),(0),(0),,,,0.0000,,,180,7720.0000,108024.2887,77998.0798,0.0000,-7720.0000,0.0000,0.0000,115744.2887,77998.0798,0.0000,ByLayer,,,,,,,,,,,,,,,,,,,,,,,,,,,,,,,,,,,
1,선,,,DIM,joobs,,ByBlock,도면층별,ByLayer,1.0000,,,,,,,,89,,,,,2026-06-16 오후 8:20:10,2026-06-16 오후 8:20:10,C:\Users\joobs\Downloads,옥천학원수정.dwg,2026-06-16 오후 8:15:29,43832,ByBlock,,,,(0),(0),(0),,,,0.0000,,,0,21100.0000,127934.2887,79188.0798,0.0000,21100.0000,0.0000,0.0000,106834.2887,79188.0798,0.0000,ByLayer,,,,,,,,,,,,,,,,,,,,,,,,,,,,,,,,,,,
1,선,,,DIM,joobs,,ByBlock,도면층별,ByLayer,1.0000,,,,,,,,89,,,,,2026-06-16 오후 8:20:10,2026-06-16 오후 8:20:10,C:\Users\joobs\Downloads,옥천학원수정.dwg,2026-06-16 오후 8:15:29,43832,ByBlock,,,,(0),(0),(0),,,,0.0000,,,180,34801.4427,95834.2887,87488.0798,0.0000,-34801.4427,0.0000,0.0000,130635.7314,87488.0798,0.0000,ByLayer,,,,,,,,,,,,,,,,,,,,,,,,,,,,,,,,,,,
1,선,,,DIM,joobs,,ByBlock,도면층별,ByLayer,1.0000,,,,,,,,89,,,,,2026-06-16 오후 8:20:10,2026-06-16 오후 8:20:10,C:\Users\joobs\Downloads,옥천학원수정.dwg,2026-06-16 오후 8:15:29,43832,ByBlock,,,,(0),(0),(0),,,,0.0000,,,180,34801.4427,95834.2887,83988.0798,0.0000,-34801.4427,0.0000,0.0000,130635.7314,83988.0798,0.0000,ByLayer,,,,,,,,,,,,,,,,,,,,,,,,,,,,,,,,,,,
1,선,,,TSZ-1,joobs,,ByBlock,도면층별,ByLayer,1.0000,,,,,,,,89,,,,,2026-06-16 오후 8:20:10,2026-06-16 오후 8:20:10,C:\Users\joobs\Downloads,옥천학원수정.dwg,2026-06-16 오후 8:15:29,43832,ByBlock,,,,(0),(0),(0),,,,0.0000,,,90,2410.0000,106644.2887,79188.0798,0.0000,0.0000,2410.0000,0.0000,106644.2887,76778.0798,0.0000,ByLayer,,,,,,,,,,,,,,,,,,,,,,,,,,,,,,,,,,,
1,선,,,TSZ-1,joobs,,ByBlock,도면층별,ByLayer,1.0000,,,,,,,,89,,,,,2026-06-16 오후 8:20:10,2026-06-16 오후 8:20:10,C:\Users\joobs\Downloads,옥천학원수정.dwg,2026-06-16 오후 8:15:29,43832,ByBlock,,,,(0),(0),(0),,,,0.0000,,,90,2410.0000,98924.2887,79188.0798,0.0000,0.0000,2410.0000,0.0000,98924.2887,76778.0798,0.0000,ByLayer,,,,,,,,,,,,,,,,,,,,,,,,,,,,,,,,,,,
1,선,,,TSZ,joobs,,ByBlock,도면층별,ByLayer,1.0000,,,,,,,,89,,,,,2026-06-16 오후 8:20:10,2026-06-16 오후 8:20:10,C:\Users\joobs\Downloads,옥천학원수정.dwg,2026-06-16 오후 8:15:29,43832,ByBlock,,,,(0),(0),(0),,,,0.0000,,,0,8100.0000,106834.2887,76588.0798,0.0000,8100.0000,0.0000,0.0000,98734.2887,76588.0798,0.0000,ByLayer,,,,,,,,,,,,,,,,,,,,,,,,,,,,,,,,,,,
1,선,,,TSZ-1,joobs,,ByBlock,도면층별,ByLayer,1.0000,,,,,,,,89,,,,,2026-06-16 오후 8:20:10,2026-06-16 오후 8:20:10,C:\Users\joobs\Downloads,옥천학원수정.dwg,2026-06-16 오후 8:15:29,43832,ByBlock,,,,(0),(0),(0),,,,0.0000,,,0,7720.0000,106644.2887,76778.0798,0.0000,7720.0000,0.0000,0.0000,98924.2887,76778.0798,0.0000,ByLayer,,,,,,,,,,,,,,,,,,,,,,,,,,,,,,,,,,,
1,선,,,DIM,joobs,,ByBlock,도면층별,ByLayer,1.0000,,,,,,,,89,,,,,2026-06-16 오후 8:20:10,2026-06-16 오후 8:20:10,C:\Users\joobs\Downloads,옥천학원수정.dwg,2026-06-16 오후 8:15:29,43832,ByBlock,,,,(0),(0),(0),,,,0.0000,,,90,7000.0000,99140.7286,103594.3232,0.0000,0.0000,7000.0000,0.0000,99140.7286,96594.3232,0.0000,ByLayer,,,,,,,,,,,,,,,,,,,,,,,,,,,,,,,,,,,
1,선,,,DIM,joobs,,ByBlock,도면층별,ByLayer,1.0000,,,,,,,,89,,,,,2026-06-16 오후 8:20:10,2026-06-16 오후 8:20:10,C:\Users\joobs\Downloads,옥천학원수정.dwg,2026-06-16 오후 8:15:29,43832,ByBlock,,,,(0),(0),(0),,,,0.0000,,,90,7000.0000,87140.7286,103594.3232,0.0000,0.0000,7000.0000,0.0000,87140.7286,96594.3232,0.0000,ByLayer,,,,,,,,,,,,,,,,,,,,,,,,,,,,,,,,,,,
1,선,,,DIM,joobs,,ByBlock,도면층별,ByLayer,1.0000,,,,,,,,89,,,,,2026-06-16 오후 8:20:10,2026-06-16 오후 8:20:10,C:\Users\joobs\Downloads,옥천학원수정.dwg,2026-06-16 오후 8:15:29,43832,ByBlock,,,,(0),(0),(0),,,,0.0000,,,90,7000.0000,83140.7286,103594.3232,0.0000,0.0000,7000.0000,0.0000,83140.7286,96594.3232,0.0000,ByLayer,,,,,,,,,,,,,,,,,,,,,,,,,,,,,,,,,,,
1,선,,,DIM,joobs,,ByBlock,도면층별,ByLayer,1.0000,,,,,,,,89,,,,,2026-06-16 오후 8:20:10,2026-06-16 오후 8:20:10,C:\Users\joobs\Downloads,옥천학원수정.dwg,2026-06-16 오후 8:15:29,43832,ByBlock,,,,(0),(0),(0),,,,0.0000,,,90,7000.0000,67140.7286,103594.3232,0.0000,0.0000,7000.0000,0.0000,67140.7286,96594.3232,0.0000,ByLayer,,,,,,,,,,,,,,,,,,,,,,,,,,,,,,,,,,,
1,선,,,DIM,joobs,,ByBlock,도면층별,ByLayer,1.0000,,,,,,,,89,,,,,2026-06-16 오후 8:20:10,2026-06-16 오후 8:20:10,C:\Users\joobs\Downloads,옥천학원수정.dwg,2026-06-16 오후 8:15:29,43832,ByBlock,,,,(0),(0),(0),,,,0.0000,,,90,2400.0000,101834.2887,75488.0798,0.0000,0.0000,2400.0000,0.0000,101834.2887,73088.0798,0.0000,ByLayer,,,,,,,,,,,,,,,,,,,,,,,,,,,,,,,,,,,
1,선,,,DIM,joobs,,ByBlock,도면층별,ByLayer,1.0000,,,,,,,,89,,,,,2026-06-16 오후 8:20:10,2026-06-16 오후 8:20:10,C:\Users\joobs\Downloads,옥천학원수정.dwg,2026-06-16 오후 8:15:29,43832,ByBlock,,,,(0),(0),(0),,,,0.0000,,,180,5900.0000,101934.2887,75588.0798,0.0000,-5900.0000,0.0000,0.0000,107834.2887,75588.0798,0.0000,ByLayer,,,,,,,,,,,,,,,,,,,,,,,,,,,,,,,,,,,
1,선,,,DIM,joobs,,ByBlock,도면층별,ByLayer,1.0000,,,,,,,,89,,,,,2026-06-16 오후 8:20:10,2026-06-16 오후 8:20:10,C:\Users\joobs\Downloads,옥천학원수정.dwg,2026-06-16 오후 8:15:29,43832,ByBlock,,,,(0),(0),(0),,,,0.0000,,,0,12000.0000,127934.2887,75588.0798,0.0000,12000.0000,0.0000,0.0000,115934.2887,75588.0798,0.0000,ByLayer,,,,,,,,,,,,,,,,,,,,,,,,,,,,,,,,,,,
1,선,,,TSZ-1,joobs,,ByBlock,도면층별,ByLayer,1.0000,,,,,,,,89,,,,,2026-06-16 오후 8:20:10,2026-06-16 오후 8:20:10,C:\Users\joobs\Downloads,옥천학원수정.dwg,2026-06-16 오후 8:15:29,43832,ByBlock,,,,(0),(0),(0),,,,0.0000,,,270,2410.0000,108024.2887,75588.0798,0.0000,0.0000,-2410.0000,0.0000,108024.2887,77998.0798,0.0000,ByLayer,,,,,,,,,,,,,,,,,,,,,,,,,,,,,,,,,,,
1,선,,,TSZ-1,joobs,,ByBlock,도면층별,ByLayer,1.0000,,,,,,,,89,,,,,2026-06-16 오후 8:20:10,2026-06-16 오후 8:20:10,C:\Users\joobs\Downloads,옥천학원수정.dwg,2026-06-16 오후 8:15:29,43832,ByBlock,,,,(0),(0),(0),,,,0.0000,,,270,2410.0000,115744.2887,75588.0798,0.0000,0.0000,-2410.0000,0.0000,115744.2887,77998.0798,0.0000,ByLayer,,,,,,,,,,,,,,,,,,,,,,,,,,,,,,,,,,,
1,선,,,TSZ,joobs,,ByBlock,도면층별,ByLayer,1.0000,,,,,,,,89,,,,,2026-06-16 오후 8:20:10,2026-06-16 오후 8:20:10,C:\Users\joobs\Downloads,옥천학원수정.dwg,2026-06-16 오후 8:15:29,43832,ByBlock,,,,(0),(0),(0),,,,0.0000,,,180,8100.0000,107834.2887,78188.0798,0.0000,-8100.0000,0.0000,0.0000,115934.2887,78188.0798,0.0000,ByLayer,,,,,,,,,,,,,,,,,,,,,,,,,,,,,,,,,,,
1,선,,,DIM,joobs,,ByBlock,도면층별,ByLayer,1.0000,,,,,,,,89,,,,,2026-06-16 오후 8:20:10,2026-06-16 오후 8:20:10,C:\Users\joobs\Downloads,옥천학원수정.dwg,2026-06-16 오후 8:15:29,43832,ByBlock,,,,(0),(0),(0),,,,0.0000,,,350,10164.7878,133711.2307,57335.8968,0.0000,10007.8888,-1779.0650,0.0000,123703.3419,59114.9618,0.0000,ByLayer,,,,,,,,,,,,,,,,,,,,,,,,,,,,,,,,,,,
1,선,,,TSZ-1,joobs,,ByBlock,도면층별,ByLayer,1.0000,,,,,,,,89,,,,,2026-06-16 오후 8:20:10,2026-06-16 오후 8:20:10,C:\Users\joobs\Downloads,옥천학원수정.dwg,2026-06-16 오후 8:15:29,43832,ByBlock,,,,(0),(0),(0),,,,0.0000,,,180,15000.0000,128334.2887,79088.0798,0.0000,-15000.0000,0.0000,0.0000,143334.2887,79088.0798,0.0000,ByLayer,,,,,,,,,,,,,,,,,,,,,,,,,,,,,,,,,,,
1,선,,,TSZ,joobs,,ByBlock,도면층별,ByLayer,1.0000,,,,,,,,89,,,,,2026-06-16 오후 8:20:10,2026-06-16 오후 8:20:10,C:\Users\joobs\Downloads,옥천학원수정.dwg,2026-06-16 오후 8:15:29,43832,ByBlock,,,,(0),(0),(0),,,,0.0000,,,270,3900.0000,143734.2887,75588.0798,0.0000,0.0000,-3900.0000,0.0000,143734.2887,79488.0798,0.0000,ByLayer,,,,,,,,,,,,,,,,,,,,,,,,,,,,,,,,,,,
1,선,,,TSZ-1,joobs,,ByBlock,도면층별,ByLayer,1.0000,,,,,,,,89,,,,,2026-06-16 오후 8:20:10,2026-06-16 오후 8:20:10,C:\Users\joobs\Downloads,옥천학원수정.dwg,2026-06-16 오후 8:15:29,43832,ByBlock,,,,(0),(0),(0),,,,0.0000,,,260,5200.0000,122709.2608,53502.3151,0.0000,-906.8810,-5120.3092,0.0000,123616.1418,58622.6244,0.0000,ByLayer,,,,,,,,,,,,,,,,,,,,,,,,,,,,,,,,,,,
1,선,,,TSZ-1,joobs,,ByBlock,도면층별,ByLayer,1.0000,,,,,,,,89,,,,,2026-06-16 오후 8:20:10,2026-06-16 오후 8:20:10,C:\Users\joobs\Downloads,옥천학원수정.dwg,2026-06-16 오후 8:15:29,43832,ByBlock,,,,(0),(0),(0),,,,0.0000,,,260,6500.0000,113456.3538,47016.6299,0.0000,-1133.6013,-6400.3866,0.0000,114589.9551,53417.0164,0.0000,ByLayer,,,,,,,,,,,,,,,,,,,,,,,,,,,,,,,,,,,
1,선,,,TSZ,joobs,,ByBlock,도면층별,ByLayer,1.0000,,,,,,,,89,,,,,2026-06-16 오후 8:20:10,2026-06-16 오후 8:20:10,C:\Users\joobs\Downloads,옥천학원수정.dwg,2026-06-16 오후 8:15:29,43832,ByBlock,,,,(0),(0),(0),,,,0.0000,,,260,6999.9947,113841.7977,46440.5804,0.0000,-1220.8005,-6892.7188,0.0000,115062.5981,53333.2991,0.0000,ByLayer,,,,,,,,,,,,,,,,,,,,,,,,,,,,,,,,,,,
1,선,,,TSZ-1,joobs,,ByBlock,도면층별,ByLayer,1.0000,,,,,,,,89,,,,,2026-06-16 오후 8:20:10,2026-06-16 오후 8:20:10,C:\Users\joobs\Downloads,옥천학원수정.dwg,2026-06-16 오후 8:15:29,43832,ByBlock,,,,(0),(0),(0),,,,0.0000,,,260,5200.0000,122728.9543,53498.8271,0.0000,-906.8810,-5120.3092,0.0000,123635.8353,58619.1364,0.0000,ByLayer,,,,,,,,,,,,,,,,,,,,,,,,,,,,,,,,,,,
1,선,,,TSZ-1,joobs,,ByBlock,도면층별,ByLayer,1.0000,,,,,,,,89,,,,,2026-06-16 오후 8:20:10,2026-06-16 오후 8:20:10,C:\Users\joobs\Downloads,옥천학원수정.dwg,2026-06-16 오후 8:15:29,43832,ByBlock,,,,(0),(0),(0),,,,0.0000,,,260,6500.0000,108316.3511,47926.9989,0.0000,-1133.6013,-6400.3866,0.0000,109449.9524,54327.3855,0.0000,ByLayer,,,,,,,,,,,,,,,,,,,,,,,,,,,,,,,,,,,
1,선,,,TSZ-1,joobs,,ByBlock,도면층별,ByLayer,1.0000,,,,,,,,89,,,,,2026-06-16 오후 8:20:10,2026-06-16 오후 8:20:10,C:\Users\joobs\Downloads,옥천학원수정.dwg,2026-06-16 오후 8:15:29,43832,ByBlock,,,,(0),(0),(0),,,,0.0000,,,260,6500.0000,113436.6603,47020.1179,0.0000,-1133.6013,-6400.3866,0.0000,114570.2616,53420.5044,0.0000,ByLayer,,,,,,,,,,,,,,,,,,,,,,,,,,,,,,,,,,,
1,문자,,,0,joobs,,ByBlock,도면층별,ByBlock,1.0000,65526.9060,49887.7369,0.0000,,,,,89,,,,,2026-06-16 오후 8:20:10,2026-06-16 오후 8:20:10,C:\Users\joobs\Downloads,옥천학원수정.dwg,2026-06-16 오후 8:15:29,43832,ByBlock,,,115,(0),(0),(0),1580,0,900.0000,0.0000,Standard,1.0000,,,,,,,,,,,,,,,,,,,,,,,,,,,,,,,,,,,,,,,,,,,,,,,
1,솔리드,,,0,joobs,,ByBlock,도면층별,ByBlock,1.0000,,,,,,,,89,,,,,2026-06-16 오후 8:20:10,2026-06-16 오후 8:20:10,C:\Users\joobs\Downloads,옥천학원수정.dwg,2026-06-16 오후 8:15:29,43832,ByBlock,,,,(0),(0),(0),,,,0.0000,,,,,,,,,,,,,,ByLayer,,,,,,,,,,,,,,,,,,,,,,,,,,,,,,,,,,,
1,선,,,0,joobs,,ByBlock,도면층별,ByBlock,1.0000,,,,,,,,89,,,,,2026-06-16 오후 8:20:10,2026-06-16 오후 8:20:10,C:\Users\joobs\Downloads,옥천학원수정.dwg,2026-06-16 오후 8:15:29,43832,ByBlock,,,,(0),(0),(0),,,,0.0000,,,295,5400.0000,63697.2133,52771.8330,0.0000,2287.6312,-4891.4971,0.0000,61409.5821,57663.3301,0.0000,ByLayer,,,,,,,,,,,,,,,,,,,,,,,,,,,,,,,,,,,
1,선,,,0,joobs,,ByBlock,도면층별,ByBlock,1.0000,,,,,,,,89,,,,,2026-06-16 오후 8:20:10,2026-06-16 오후 8:20:10,C:\Users\joobs\Downloads,옥천학원수정.dwg,2026-06-16 오후 8:15:29,43832,ByBlock,,,,(0),(0),(0),,,,0.0000,,,115,5900.0000,65391.7549,49148.5019,0.0000,-2499.4489,5344.4135,0.0000,67891.2038,43804.0884,0.0000,ByLayer,,,,,,,,,,,,,,,,,,,,,,,,,,,,,,,,,,,
1,선,,,0,joobs,,ByBlock,도면층별,ByLayer,1.0000,,,,,,,,89,,,,,2026-06-16 오후 8:20:10,2026-06-16 오후 8:20:10,C:\Users\joobs\Downloads,옥천학원수정.dwg,2026-06-16 오후 8:15:29,43832,ByBlock,,,,(0),(0),(0),,,,0.0000,,,160,5300.0000,56215.3617,59923.3612,0.0000,-4982.4027,1807.1147,0.0000,61197.7644,58116.2465,0.0000,ByLayer,,,,,,,,,,,,,,,,,,,,,,,,,,,,,,,,,,,
1,선,,,TSZ-1,joobs,,ByBlock,도면층별,ByLayer,1.0000,,,,,,,,89,,,,,2026-06-16 오후 8:20:10,2026-06-16 오후 8:20:10,C:\Users\joobs\Downloads,옥천학원수정.dwg,2026-06-16 오후 8:15:29,43832,ByBlock,,,,(0),(0),(0),,,,0.0000,,,160,4200.0000,51803.8239,61544.6985,0.0000,-3948.3191,1432.0532,0.0000,55752.1430,60112.6453,0.0000,ByLayer,,,,,,,,,,,,,,,,,,,,,,,,,,,,,,,,,,,
1,선,,,TSZ-1,joobs,,ByBlock,도면층별,ByLayer,1.0000,,,,,,,,89,,,,,2026-06-16 오후 8:20:10,2026-06-16 오후 8:20:10,C:\Users\joobs\Downloads,옥천학원수정.dwg,2026-06-16 오후 8:15:29,43832,ByBlock,,,,(0),(0),(0),,,,0.0000,,,160,4200.0000,51797.0046,61525.8969,0.0000,-3948.3191,1432.0532,0.0000,55745.3237,60093.8438,0.0000,ByLayer,,,,,,,,,,,,,,,,,,,,,,,,,,,,,,,,,,,
1,선,,,0,joobs,,ByBlock,도면층별,ByLayer,1.0000,,,,,,,,89,,,,,2026-06-16 오후 8:20:10,2026-06-16 오후 8:20:10,C:\Users\joobs\Downloads,옥천학원수정.dwg,2026-06-16 오후 8:15:29,43832,ByBlock,,,,(0),(0),(0),,,,0.0000,,,160,5300.0000,67891.2038,43804.0884,0.0000,-4982.4027,1807.1147,0.0000,72873.6064,41996.9737,0.0000,ByLayer,,,,,,,,,,,,,,,,,,,,,,,,,,,,,,,,,,,
1,호,,,TSZ-1,joobs,,ByBlock,도면층별,ByLayer,1.0000,,,,,,,,89,,,,,2026-06-16 오후 8:20:10,2026-06-16 오후 8:20:10,C:\Users\joobs\Downloads,옥천학원수정.dwg,2026-06-16 오후 8:15:29,43832,ByBlock,,,,(0),(0),(0),,,,0.0000,,,,13618.8042,,,,,,,,,,ByLayer,,,,,,,,,,,,27546691.3000,,340,,,,,67891.2038,43804.0884,0.0000,,,,,,,,,,,,,5780.0000,135
1,호,,,TSZ,joobs,,ByBlock,도면층별,ByLayer,1.0000,,,,,,,,89,,,,,2026-06-16 오후 8:20:10,2026-06-16 오후 8:20:10,C:\Users\joobs\Downloads,옥천학원수정.dwg,2026-06-16 오후 8:15:29,43832,ByBlock,,,,(0),(0),(0),,,,0.0000,,,,12487.8309,,,,,,,,,,ByLayer,,,,,,,,,,,,23161437.2019,,340,,,,,67891.2038,43804.0884,0.0000,,,,,,,,,,,,,5300.0000,135
1,호,,,TSZ-1,joobs,,ByBlock,도면층별,ByLayer,1.0000,,,,,,,,89,,,,,2026-06-16 오후 8:20:10,2026-06-16 오후 8:20:10,C:\Users\joobs\Downloads,옥천학원수정.dwg,2026-06-16 오후 8:15:29,43832,ByBlock,,,,(0),(0),(0),,,,0.0000,,,,13665.9281,,,,,,,,,,ByLayer,,,,,,,,,,,,27737655.6594,,340,,,,,67891.2038,43804.0884,0.0000,,,,,,,,,,,,,5800.0000,135
1,호,,,TSZ-1,joobs,,ByBlock,도면층별,ByLayer,1.0000,,,,,,,,89,,,,,2026-06-16 오후 8:20:10,2026-06-16 오후 8:20:10,C:\Users\joobs\Downloads,옥천학원수정.dwg,2026-06-16 오후 8:15:29,43832,ByBlock,,,,(0),(0),(0),,,,0.0000,,,,13618.8042,,,,,,,,,,ByLayer,,,,,,,,,,,,27546691.3000,,160,,,,,61197.7644,58116.2465,0.0000,,,,,,,,,,,,,5780.0000,135
1,선,,,TSZ-1,joobs,,ByBlock,도면층별,ByLayer,1.0000,,,,,,,,89,,,,,2026-06-16 오후 8:20:10,2026-06-16 오후 8:20:10,C:\Users\joobs\Downloads,옥천학원수정.dwg,2026-06-16 오후 8:15:29,43832,ByBlock,,,,(0),(0),(0),,,,0.0000,,,260,6500.0000,108296.6576,47930.4869,0.0000,-1133.6013,-6400.3866,0.0000,109430.2589,54330.8735,0.0000,ByLayer,,,,,,,,,,,,,,,,,,,,,,,,,,,,,,,,,,,
1,선,,,TSZ-1,joobs,,ByBlock,도면층별,ByLayer,1.0000,,,,,,,,89,,,,,2026-06-16 오후 8:20:10,2026-06-16 오후 8:20:10,C:\Users\joobs\Downloads,옥천학원수정.dwg,2026-06-16 오후 8:15:29,43832,ByBlock,,,,(0),(0),(0),,,,0.0000,,,350,5200.0000,113436.6603,47020.1179,0.0000,5120.3092,-906.8810,0.0000,108316.3511,47926.9989,0.0000,ByLayer,,,,,,,,,,,,,,,,,,,,,,,,,,,,,,,,,,,
1,선,,,TSZ,joobs,,ByBlock,도면층별,ByLayer,1.0000,,,,,,,,89,,,,,2026-06-16 오후 8:20:10,2026-06-16 오후 8:20:10,C:\Users\joobs\Downloads,옥천학원수정.dwg,2026-06-16 오후 8:15:29,43832,ByBlock,,,,(0),(0),(0),,,,0.0000,,,260,7000.0000,107736.8136,47521.8616,0.0000,-1220.8014,-6892.7240,0.0000,108957.6150,54414.5856,0.0000,ByLayer,,,,,,,,,,,,,,,,,,,,,,,,,,,,,,,,,,,
1,선,,,TSZ-1,joobs,,ByBlock,도면층별,ByLayer,1.0000,,,,,,,,89,,,,,2026-06-16 오후 8:20:10,2026-06-16 오후 8:20:10,C:\Users\joobs\Downloads,옥천학원수정.dwg,2026-06-16 오후 8:15:29,43832,ByBlock,,,,(0),(0),(0),,,,0.0000,,,350,5200.0000,113433.1723,47000.4244,0.0000,5120.3092,-906.8810,0.0000,108312.8631,47907.3054,0.0000,ByLayer,,,,,,,,,,,,,,,,,,,,,,,,,,,,,,,,,,,
1,호,,,TSZ-1,joobs,,ByBlock,도면층별,ByLayer,1.0000,,,,,,,,89,,,,,2026-06-16 오후 8:20:10,2026-06-16 오후 8:20:10,C:\Users\joobs\Downloads,옥천학원수정.dwg,2026-06-16 오후 8:15:29,43832,ByBlock,,,,(0),(0),(0),,,,0.0000,,,,2324.7786,,,,,,,,,,ByLayer,,,,,,,,,,,,625136.1500,,80,,,,,116047.2739,53158.9041,0.0000,,,,,,,,,,,,,1480.0000,90
1,호,,,TSZ,joobs,,ByBlock,도면층별,ByLayer,1.0000,,,,,,,,89,,,,,2026-06-16 오후 8:20:10,2026-06-16 오후 8:20:10,C:\Users\joobs\Downloads,옥천학원수정.dwg,2026-06-16 오후 8:15:29,43832,ByBlock,,,,(0),(0),(0),,,,0.0000,,,,1570.7963,,,,,,,,,,ByLayer,,,,,,,,,,,,285398.1693,,80,,,,,116047.2739,53158.9041,0.0000,,,,,,,,,,,,,1000.0000,90
1,호,,,TSZ-1,joobs,,ByBlock,도면층별,ByLayer,1.0000,,,,,,,,89,,,,,2026-06-16 오후 8:20:10,2026-06-16 오후 8:20:10,C:\Users\joobs\Downloads,옥천학원수정.dwg,2026-06-16 오후 8:15:29,43832,ByBlock,,,,(0),(0),(0),,,,0.0000,,,,2356.1945,,,,,,,,,,ByLayer,,,,,,,,,,,,642145.8809,,80,,,,,116047.2739,53158.9041,0.0000,,,,,,,,,,,,,1500.0000,90
1,선,,,TSZ,joobs,,ByBlock,도면층별,ByLayer,1.0000,,,,,,,,89,,,,,2026-06-16 오후 8:20:10,2026-06-16 오후 8:20:10,C:\Users\joobs\Downloads,옥천학원수정.dwg,2026-06-16 오후 8:15:29,43832,ByBlock,,,,(0),(0),(0),,,,0.0000,,,350,6200.0000,113841.7977,46440.5804,0.0000,6104.9841,-1081.2812,0.0000,107736.8136,47521.8616,0.0000,ByLayer,,,,,,,,,,,,,,,,,,,,,,,,,,,,,,,,,,,
1,호,,,TSZ,joobs,,ByBlock,도면층별,ByLayer,1.0000,,,,,,,,89,,,,,2026-06-16 오후 8:20:10,2026-06-16 오후 8:20:10,C:\Users\joobs\Downloads,옥천학원수정.dwg,2026-06-16 오후 8:15:29,43832,ByBlock,,,,(0),(0),(0),,,,0.0000,,,,1570.7963,,,,,,,,,,ByLayer,,,,,,,,,,,,285398.1575,,350,,,,,107972.9401,54588.9858,0.0000,,,,,,,,,,,,,1000.0000,90
1,호,,,TSZ-1,joobs,,ByBlock,도면층별,ByLayer,1.0000,,,,,,,,89,,,,,2026-06-16 오후 8:20:10,2026-06-16 오후 8:20:10,C:\Users\joobs\Downloads,옥천학원수정.dwg,2026-06-16 오후 8:15:29,43832,ByBlock,,,,(0),(0),(0),,,,0.0000,,,,2356.1945,,,,,,,,,,ByLayer,,,,,,,,,,,,642145.8544,,350,,,,,107972.9401,54588.9858,0.0000,,,,,,,,,,,,,1500.0000,90
1,선,,,TSZ-1,joobs,,ByBlock,도면층별,ByLayer,1.0000,,,,,,,,89,,,,,2026-06-16 오후 8:20:10,2026-06-16 오후 8:20:10,C:\Users\joobs\Downloads,옥천학원수정.dwg,2026-06-16 오후 8:15:29,43832,ByBlock,,,,(0),(0),(0),,,,0.0000,,,350,6500.0000,122705.7728,53482.6216,0.0000,6400.3866,-1133.6013,0.0000,116305.3862,54616.2229,0.0000,ByLayer,,,,,,,,,,,,,,,,,,,,,,,,,,,,,,,,,,,
1,선,,,TSZ,joobs,,ByBlock,도면층별,ByLayer,1.0000,,,,,,,,89,,,,,2026-06-16 오후 8:20:10,2026-06-16 오후 8:20:10,C:\Users\joobs\Downloads,옥천학원수정.dwg,2026-06-16 오후 8:15:29,43832,ByBlock,,,,(0),(0),(0),,,,0.0000,,,350,6500.0000,122622.0607,53009.9777,0.0000,6400.3865,-1133.6013,0.0000,116221.6741,54143.5790,0.0000,ByLayer,,,,,,,,,,,,,,,,,,,,,,,,,,,,,,,,,,,
1,선,,,TSZ-1,joobs,,ByBlock,도면층별,ByLayer,1.0000,,,,,,,,89,,,,,2026-06-16 오후 8:20:10,2026-06-16 오후 8:20:10,C:\Users\joobs\Downloads,옥천학원수정.dwg,2026-06-16 오후 8:15:29,43832,ByBlock,,,,(0),(0),(0),,,,0.0000,,,350,6500.0000,122709.2608,53502.3151,0.0000,6400.3866,-1133.6013,0.0000,116308.8742,54635.9164,0.0000,ByLayer,,,,,,,,,,,,,,,,,,,,,,,,,,,,,,,,,,,
1,호,,,TSZ-1,joobs,,ByBlock,도면층별,ByLayer,1.0000,,,,,,,,89,,,,,2026-06-16 오후 8:20:10,2026-06-16 오후 8:20:10,C:\Users\joobs\Downloads,옥천학원수정.dwg,2026-06-16 오후 8:15:29,43832,ByBlock,,,,(0),(0),(0),,,,0.0000,,,,2324.7785,,,,,,,,,,ByLayer,,,,,,,,,,,,625136.1242,,350,,,,,107972.9401,54588.9858,0.0000,,,,,,,,,,,,,1480.0000,90
1,선,,,TSZ,joobs,,ByBlock,도면층별,ByLayer,1.0000,,,,,,,,89,,,,,2026-06-16 오후 8:20:10,2026-06-16 오후 8:20:10,C:\Users\joobs\Downloads,옥천학원수정.dwg,2026-06-16 오후 8:15:29,43832,ByBlock,,,,(0),(0),(0),,,,0.0000,,,260,6200.0000,101254.6163,56794.4620,0.0000,-1081.2812,-6104.9841,0.0000,102335.8976,62899.4461,0.0000,ByLayer,,,,,,,,,,,,,,,,,,,,,,,,,,,,,,,,,,,
1,선,,,TSZ-1,joobs,,ByBlock,도면층별,ByLayer,1.0000,,,,,,,,89,,,,,2026-06-16 오후 8:20:10,2026-06-16 오후 8:20:10,C:\Users\joobs\Downloads,옥천학원수정.dwg,2026-06-16 오후 8:15:29,43832,ByBlock,,,,(0),(0),(0),,,,0.0000,,,260,5200.0000,101834.1539,57199.5994,0.0000,-906.8810,-5120.3092,0.0000,102741.0349,62319.9086,0.0000,ByLayer,,,,,,,,,,,,,,,,,,,,,,,,,,,,,,,,,,,
1,선,,,TSZ-1,joobs,,ByBlock,도면층별,ByLayer,1.0000,,,,,,,,89,,,,,2026-06-16 오후 8:20:10,2026-06-16 오후 8:20:10,C:\Users\joobs\Downloads,옥천학원수정.dwg,2026-06-16 오후 8:15:29,43832,ByBlock,,,,(0),(0),(0),,,,0.0000,,,350,21200.0000,123619.6298,58642.3179,0.0000,20875.1069,-3697.2843,0.0000,102744.5229,62339.6021,0.0000,ByLayer,,,,,,,,,,,,,,,,,,,,,,,,,,,,,,,,,,,
1,선,,,TSZ-1,joobs,,ByBlock,도면층별,ByLayer,1.0000,,,,,,,,89,,,,,2026-06-16 오후 8:20:10,2026-06-16 오후 8:20:10,C:\Users\joobs\Downloads,옥천학원수정.dwg,2026-06-16 오후 8:15:29,43832,ByBlock,,,,(0),(0),(0),,,,0.0000,,,350,6500.0000,108231.0524,56046.3046,0.0000,6400.3866,-1133.6013,0.0000,101830.6659,57179.9059,0.0000,ByLayer,,,,,,,,,,,,,,,,,,,,,,,,,,,,,,,,,,,
1,선,,,TSZ,joobs,,ByBlock,도면층별,ByLayer,1.0000,,,,,,,,89,,,,,2026-06-16 오후 8:20:10,2026-06-16 오후 8:20:10,C:\Users\joobs\Downloads,옥천학원수정.dwg,2026-06-16 오후 8:15:29,43832,ByBlock,,,,(0),(0),(0),,,,0.0000,,,350,21700.0000,123703.3419,59114.9618,0.0000,21367.4444,-3784.4844,0.0000,102335.8976,62899.4461,0.0000,ByLayer,,,,,,,,,,,,,,,,,,,,,,,,,,,,,,,,,,,
1,선,,,TSZ,joobs,,ByBlock,도면층별,ByLayer,1.0000,,,,,,,,89,,,,,2026-06-16 오후 8:20:10,2026-06-16 오후 8:20:10,C:\Users\joobs\Downloads,옥천학원수정.dwg,2026-06-16 오후 8:15:29,43832,ByBlock,,,,(0),(0),(0),,,,0.0000,,,350,7000.0000,108147.3403,55573.6606,0.0000,6892.7240,-1220.8014,0.0000,101254.6163,56794.4620,0.0000,ByLayer,,,,,,,,,,,,,,,,,,,,,,,,,,,,,,,,,,,
1,선,,,TSZ-1,joobs,,ByBlock,도면층별,ByLayer,1.0000,,,,,,,,89,,,,,2026-06-16 오후 8:20:10,2026-06-16 오후 8:20:10,C:\Users\joobs\Downloads,옥천학원수정.dwg,2026-06-16 오후 8:15:29,43832,ByBlock,,,,(0),(0),(0),,,,0.0000,,,350,6500.0000,108234.5404,56065.9981,0.0000,6400.3866,-1133.6013,0.0000,101834.1539,57199.5994,0.0000,ByLayer,,,,,,,,,,,,,,,,,,,,,,,,,,,,,,,,,,,
1,선,,,TSZ-1,joobs,,ByBlock,도면층별,ByLayer,1.0000,,,,,,,,89,,,,,2026-06-16 오후 8:20:10,2026-06-16 오후 8:20:10,C:\Users\joobs\Downloads,옥천학원수정.dwg,2026-06-16 오후 8:15:29,43832,ByBlock,,,,(0),(0),(0),,,,0.0000,,,350,21200.0000,123616.1418,58622.6244,0.0000,20875.1069,-3697.2843,0.0000,102741.0349,62319.9086,0.0000,ByLayer,,,,,,,,,,,,,,,,,,,,,,,,,,,,,,,,,,,
1,선,,,TSZ-1,joobs,,ByBlock,도면층별,ByLayer,1.0000,,,,,,,,89,,,,,2026-06-16 오후 8:20:10,2026-06-16 오후 8:20:10,C:\Users\joobs\Downloads,옥천학원수정.dwg,2026-06-16 오후 8:15:29,43832,ByBlock,,,,(0),(0),(0),,,,0.0000,,,260,5200.0000,101814.4604,57203.0874,0.0000,-906.8810,-5120.3092,0.0000,102721.3414,62323.3966,0.0000,ByLayer,,,,,,,,,,,,,,,,,,,,,,,,,,,,,,,,,,,
2,점,,,0,joobs,,ByBlock,도면층별,ByLayer,1.0000,92334.2887,69588.0798,0.0000,,,,,89,,,,,2026-06-16 오후 8:20:10,2026-06-16 오후 8:20:10,C:\Users\joobs\Downloads,옥천학원수정.dwg,2026-06-16 오후 8:15:29,43832,ByBlock,,,,(0),(0),(0),,,,0.0000,,,,,,,,,,,,,,,,,,,,,,,,,,,,,,,,,,,,,,,,,,,,,,,,,
2,선,,,0,joobs,,ByBlock,도면층별,ByLayer,1.0000,,,,,,,,89,,,,,2026-06-16 오후 8:20:10,2026-06-16 오후 8:20:10,C:\Users\joobs\Downloads,옥천학원수정.dwg,2026-06-16 오후 8:15:29,43832,ByBlock,,,,(0),(0),(0),,,,0.0000,,,81,5953.8828,110968.8215,100682.6672,0.0000,938.4339,5879.4611,0.0000,110030.3876,94803.2061,0.0000,ByLayer,,,,,,,,,,,,,,,,,,,,,,,,,,,,,,,,,,,
2,해치,,,0,joobs,,ByBlock,도면층별,ByLayer,1.0000,,,,,,,,89,,,,,2026-06-16 오후 8:20:10,2026-06-16 오후 8:20:10,C:\Users\joobs\Downloads,옥천학원수정.dwg,2026-06-16 오후 8:15:29,43832,ByBlock,,,,(0),(0),(0),,,,,,,,,,,,,,,,,,,,,,,,,,,,,,,,,,,,,,,,,,0,1.0000,False,0.0000,0.0000,미리 정의,False,1.0000,SOLID,,,
2,선,,,TSZ,joobs,,ByBlock,도면층별,ByLayer,1.0000,,,,,,,,89,,,,,2026-06-16 오후 8:20:10,2026-06-16 오후 8:20:10,C:\Users\joobs\Downloads,옥천학원수정.dwg,2026-06-16 오후 8:15:29,43832,ByBlock,,,,(0),(0),(0),,,,0.0000,,,270,2600.0000,115934.2887,75588.0798,0.0000,0.0000,-2600.0000,0.0000,115934.2887,78188.0798,0.0000,ByLayer,,,,,,,,,,,,,,,,,,,,,,,,,,,,,,,,,,,
2,선,,,TSZ,joobs,,ByBlock,도면층별,ByLayer,1.0000,,,,,,,,89,,,,,2026-06-16 오후 8:20:10,2026-06-16 오후 8:20:10,C:\Users\joobs\Downloads,옥천학원수정.dwg,2026-06-16 오후 8:15:29,43832,ByBlock,,,,(0),(0),(0),,,,0.0000,,,90,2600.0000,98734.2887,79188.0798,0.0000,0.0000,2600.0000,0.0000,98734.2887,76588.0798,0.0000,ByLayer,,,,,,,,,,,,,,,,,,,,,,,,,,,,,,,,,,,
2,선,,,TSZ,joobs,,ByBlock,도면층별,ByLayer,1.0000,,,,,,,,89,,,,,2026-06-16 오후 8:20:10,2026-06-16 오후 8:20:10,C:\Users\joobs\Downloads,옥천학원수정.dwg,2026-06-16 오후 8:15:29,43832,ByBlock,,,,(0),(0),(0),,,,0.0000,,,270,2600.0000,107834.2887,75588.0798,0.0000,0.0000,-2600.0000,0.0000,107834.2887,78188.0798,0.0000,ByLayer,,,,,,,,,,,,,,,,,,,,,,,,,,,,,,,,,,,
2,선,,,TSZ,joobs,,ByBlock,도면층별,ByLayer,1.0000,,,,,,,,89,,,,,2026-06-16 오후 8:20:10,2026-06-16 오후 8:20:10,C:\Users\joobs\Downloads,옥천학원수정.dwg,2026-06-16 오후 8:15:29,43832,ByBlock,,,,(0),(0),(0),,,,0.0000,,,90,2600.0000,106834.2887,79188.0798,0.0000,0.0000,2600.0000,0.0000,106834.2887,76588.0798,0.0000,ByLayer,,,,,,,,,,,,,,,,,,,,,,,,,,,,,,,,,,,
3,선,,,0,joobs,,ByBlock,도면층별,ByLayer,1.0000,,,,,,,,89,,,,,2026-06-16 오후 8:20:10,2026-06-16 오후 8:20:10,C:\Users\joobs\Downloads,옥천학원수정.dwg,2026-06-16 오후 8:15:29,43832,ByBlock,,,,(0),(0),(0),,,,0.0000,,,0,6133.9370,65224.3640,31192.5338,0.0000,6133.9370,0.0000,0.0000,59090.4271,31192.5338,0.0000,ByLayer,,,,,,,,,,,,,,,,,,,,,,,,,,,,,,,,,,,
4,폴리선,,,PAINT,joobs,,ByLayer,ByLayer,ByLayer,1.0000,,,,,,,,89,,,,,2026-06-16 오후 8:20:10,2026-06-16 오후 8:20:10,C:\Users\joobs\Downloads,옥천학원수정.dwg,2026-06-16 오후 8:15:29,43832,ByLayer,,,,(0),(0),(0),,,,0.0000,,,,3500.0000,,,,,,,,,,ByLayer,,,,,,,,,,,,0.0000,,,,,,,,,,False,300.0000,,,,,,,,,,,,
13,폴리선,,,PAINT,joobs,,ByBlock,도면층별,ByLayer,1.0000,,,,,,,,89,,,,,2026-06-16 오후 8:20:10,2026-06-16 오후 8:20:10,C:\Users\joobs\Downloads,옥천학원수정.dwg,2026-06-16 오후 8:15:29,43832,ByBlock,,,,(0),(0),(0),,,,0.0000,,,,2000.0000,,,,,,,,,,ByLayer,,,,,,,,,,,,0.0000,,,,,,,,,,False,500.0000,,,,,,,,,,,,
28,폴리선,,,PAINT,joobs,,ByLayer,ByLayer,ByLayer,1.0000,,,,,,,,89,,,,,2026-06-16 오후 8:20:10,2026-06-16 오후 8:20:10,C:\Users\joobs\Downloads,옥천학원수정.dwg,2026-06-16 오후 8:15:29,43832,ByLayer,,,,(0),(0),(0),,,,0.0000,,,,2000.0000,,,,,,,,,,ByLayer,,,,,,,,,,,,0.0000,,,,,,,,,,False,500.0000,,,,,,,,,,,,
